GAME_DATE,MATCHUP,opponent,Player_ID,Game_ID,is_home,rest_days,pts_avg_5,pts_avg_10,min_avg_5,min_avg_10,fga_avg_5,fta_avg_5,usage_avg_5,pts_allowed_avg_10,pts_allowed_avg_10.1,pace_proxy_avg_10,star_pts_allowed_avg_10,label_pts,player_name
2024-11-11,OKC vs. LAC,LAC,1628983,22400215,1,1.0,25.4,26.1,33.6,32.5,16.4,8.8,24.672,106.3,106.3,214.8,108.5,45,shai_gilgeous-alexander
2024-11-12,MIN @ POR,POR,1630162,22400008,0,2.0,26.8,28.3,33.4,36.1,19.2,4.2,24.648,114.3,114.3,220.0,105.7,26,anthony_edwards
2024-11-13,MIN @ POR,POR,1630162,22400226,0,1.0,27.8,28.2,33.6,35.7,19.6,4.6,24.824,114.6,114.6,222.2,107.6,24,anthony_edwards
2024-11-13,DET @ MIL,MIL,1630595,22400223,0,1.0,21.2,21.4,36.8,36.4,18.6,5.0,25.4,113.3,113.3,221.4,108.1,35,cade_cunningham
2024-11-13,MIL vs. DET,DET,203507,22400223,1,1.0,31.0,30.7,34.6,34.5,22.0,8.8,27.872000000000003,109.9,109.9,219.0,109.1,59,giannis_antetokounmpo
2024-11-13,NYK vs. CHI,CHI,1628973,22400219,1,1.0,23.2,24.3,37.4,34.7,17.6,7.0,23.28,119.9,119.9,234.9,115.0,24,jalen_brunson
2024-11-13,LAL vs. MEM,MEM,2544,22400225,1,3.0,25.2,23.2,36.0,34.9,17.0,4.6,21.224,110.3,110.3,230.7,120.4,35,lebron_james
2024-11-13,OKC vs. NOP,NOP,1628983,22400221,1,2.0,29.4,27.8,35.2,32.8,17.8,10.2,26.288,117.1,117.1,222.5,105.4,29,shai_gilgeous-alexander
2024-11-15,MIN @ SAC,SAC,1630162,22400020,0,2.0,28.4,27.4,35.8,35.8,22.4,4.0,27.76,110.2,110.2,225.8,115.6,36,anthony_edwards
2024-11-15,DET @ TOR,TOR,1630595,22400011,0,2.0,24.8,22.8,38.2,36.6,22.0,4.8,29.312,120.6,120.6,233.8,113.2,15,cade_cunningham
2024-11-15,NYK vs. BKN,BKN,1628973,22400014,1,2.0,22.2,24.5,35.8,35.6,16.8,6.2,22.328,113.1,113.1,224.7,111.6,37,jalen_brunson
2024-11-15,LAL @ SAS,SAS,2544,22400015,0,2.0,26.8,25.1,36.2,35.1,18.0,5.0,23.6,108.4,108.4,218.4,110.0,15,lebron_james
2024-11-15,OKC vs. PHX,PHX,1628983,22400018,1,2.0,31.0,28.4,34.8,33.2,19.6,10.0,27.6,113.0,113.0,227.0,114.0,28,shai_gilgeous-alexander
2024-11-16,MIL @ CHA,CHA,203507,22400229,0,3.0,36.0,34.1,35.6,35.8,23.4,10.8,30.752,113.4,113.4,220.8,107.4,22,giannis_antetokounmpo
2024-11-16,LAL @ NOP,NOP,2544,22400231,0,1.0,25.8,24.5,35.8,35.4,17.2,4.8,23.912,114.3,114.3,217.8,103.5,21,lebron_james
2024-11-17,MIN vs. PHX,PHX,1630162,22400234,1,2.0,29.0,28.6,37.2,36.1,23.2,4.0,28.56,112.7,112.7,223.6,110.9,24,anthony_edwards
2024-11-17,DET @ WAS,WAS,1630595,22400237,0,2.0,23.8,21.9,37.8,36.7,21.6,4.8,29.312,124.1,124.1,235.8,111.7,21,cade_cunningham
2024-11-17,NYK vs. BKN,BKN,1628973,22400240,1,2.0,25.4,25.6,35.2,36.0,17.2,8.2,23.608,115.3,115.3,227.6,112.3,12,jalen_brunson
2024-11-17,OKC vs. DAL,DAL,1628983,22400242,1,2.0,31.0,27.7,33.6,32.9,20.8,8.8,27.072000000000003,110.4,110.4,225.3,114.9,36,shai_gilgeous-alexander
2024-11-18,DET vs. CHI,CHI,1630595,22400244,1,1.0,23.6,21.8,36.8,36.1,21.2,4.8,27.912,125.0,125.0,240.3,115.3,26,cade_cunningham
2024-11-18,MIL vs. HOU,HOU,203507,22400248,1,2.0,34.2,32.5,36.2,35.6,23.6,8.6,29.584000000000003,105.7,105.7,221.6,115.9,20,giannis_antetokounmpo
2024-11-18,NYK vs. WAS,WAS,1628973,22400246,1,1.0,24.8,24.7,35.6,35.6,17.2,9.0,24.56,123.0,123.0,233.5,110.5,26,jalen_brunson
2024-11-19,LAL vs. UTA,UTA,2544,22400026,1,3.0,22.2,23.4,36.2,35.7,16.2,5.0,23.2,117.7,117.7,225.9,108.2,26,lebron_james
2024-11-19,OKC @ SAS,SAS,1628983,22400025,0,2.0,32.4,29.5,35.4,33.9,21.4,9.6,27.624,110.3,110.3,221.7,111.4,32,shai_gilgeous-alexander
2024-11-20,MIL vs. CHI,CHI,203507,22400253,1,2.0,33.4,32.3,37.0,35.9,22.8,8.8,30.272,126.3,126.3,243.6,117.3,41,giannis_antetokounmpo
2024-11-20,NYK @ PHX,PHX,1628973,22400257,0,2.0,23.4,25.1,33.4,35.0,16.8,7.2,22.768,113.2,113.2,222.3,109.1,36,jalen_brunson
2024-11-20,OKC vs. POR,POR,1628983,22400256,1,1.0,34.0,29.7,36.0,34.8,22.0,8.0,27.52,114.0,114.0,221.3,107.3,28,shai_gilgeous-alexander
2024-11-20,GSW vs. ATL,ATL,201939,22400258,1,2.0,24.8,23.0,30.8,29.1,18.0,2.4,22.856,117.5,117.5,232.9,115.4,23,stephen_curry
2024-11-21,MIN @ TOR,TOR,1630162,22400261,0,4.0,26.4,27.3,39.0,36.3,21.8,3.6,26.184,117.3,117.3,229.4,112.1,26,anthony_edwards
2024-11-21,DET @ CHA,CHA,1630595,22400260,0,3.0,23.6,22.2,36.8,36.5,20.4,5.4,27.176,112.0,112.0,217.4,105.4,27,cade_cunningham
2024-11-21,LAL vs. ORL,ORL,2544,22400263,1,2.0,23.2,24.9,36.2,35.5,16.8,7.0,25.08,97.8,97.8,200.4,102.6,31,lebron_james
2024-11-22,MIL vs. IND,IND,203507,22400029,1,2.0,33.0,33.4,36.2,35.5,21.8,9.6,29.624,117.5,117.5,231.2,113.7,37,giannis_antetokounmpo
2024-11-22,GSW @ NOP,NOP,201939,22400032,0,2.0,27.0,23.6,32.0,29.6,18.0,3.2,23.008000000000003,116.1,116.1,216.6,100.5,19,stephen_curry
2024-11-23,MIL vs. CHA,CHA,203507,22400268,1,1.0,35.8,33.4,36.6,35.6,23.6,10.0,32.0,111.7,111.7,218.5,106.8,32,giannis_antetokounmpo
2024-11-23,NYK @ UTA,UTA,1628973,22400264,0,3.0,27.0,25.1,33.8,35.6,18.0,6.6,23.504,120.8,120.8,234.2,113.4,23,jalen_brunson
2024-11-23,LAL vs. DEN,DEN,2544,22400270,1,2.0,25.6,25.4,36.6,36.3,18.4,6.4,26.616,114.4,114.4,231.7,117.3,18,lebron_james
2024-11-23,GSW @ SAS,SAS,201939,22400269,0,1.0,23.6,23.5,31.2,30.2,16.0,3.0,21.12,113.4,113.4,226.5,113.1,14,stephen_curry
2024-11-24,MIN @ BOS,BOS,1630162,22400271,0,3.0,27.2,27.0,38.8,36.1,21.0,3.6,24.584,109.2,109.2,227.0,117.8,28,anthony_edwards
2024-11-25,NYK @ DEN,DEN,1628973,22400283,0,2.0,26.8,24.5,34.4,35.1,17.8,6.6,23.304,112.7,112.7,231.1,118.4,23,jalen_brunson
2024-11-25,OKC @ SAC,SAC,1628983,22400285,0,5.0,30.6,30.0,36.0,35.6,21.6,7.6,27.144,112.0,112.0,223.6,111.6,37,shai_gilgeous-alexander
2024-11-25,GSW vs. BKN,BKN,201939,22400284,1,2.0,19.0,23.1,30.6,30.7,13.8,2.2,18.368,113.0,113.0,220.9,107.9,28,stephen_curry
2024-11-26,MIN vs. HOU,HOU,1630162,22400037,1,2.0,27.6,27.7,39.2,36.4,21.4,3.2,25.208,103.7,103.7,217.5,113.8,29,anthony_edwards
2024-11-26,LAL @ PHX,PHX,2544,22400039,0,3.0,22.2,24.5,36.2,36.2,17.4,5.4,25.176,117.3,117.3,228.3,111.0,18,lebron_james
2024-11-27,MIN vs. SAC,SAC,1630162,22400294,1,1.0,28.6,28.5,39.8,37.8,20.8,4.4,25.136000000000003,114.3,114.3,224.6,110.3,29,anthony_edwards
2024-11-27,NYK @ DAL,DAL,1628973,22400292,0,2.0,24.0,24.7,35.2,35.2,16.6,4.8,21.112,113.6,113.6,233.2,119.6,37,jalen_brunson
2024-11-27,LAL @ SAS,SAS,2544,22400296,0,1.0,22.8,24.3,35.6,35.7,18.2,5.0,25.4,110.3,110.3,226.2,115.9,16,lebron_james
2024-11-27,OKC @ GSW,GSW,1628983,22400299,0,2.0,32.2,31.6,36.4,35.6,20.6,9.2,27.648000000000003,113.8,113.8,228.8,115.0,35,shai_gilgeous-alexander
2024-11-29,MIN vs. LAC,LAC,1630162,22400044,1,2.0,27.2,28.1,38.8,38.0,20.2,5.6,24.864,107.6,107.6,217.7,110.1,21,anthony_edwards
2024-11-29,DET @ IND,IND,1630595,22400045,0,5.0,24.8,23.0,36.6,36.7,22.6,5.8,29.152,116.5,116.5,231.6,115.1,24,cade_cunningham
2024-11-29,NYK @ CHA,CHA,1628973,22400040,0,2.0,29.0,26.9,35.6,35.6,18.0,5.2,22.488,110.1,110.1,216.2,106.1,31,jalen_brunson
2024-11-29,LAL vs. OKC,OKC,2544,22400048,1,2.0,21.8,22.0,34.8,35.5,18.0,4.0,24.56,107.3,107.3,222.1,114.8,12,lebron_james
2024-11-29,OKC @ LAL,LAL,1628983,22400048,0,2.0,33.6,32.3,37.6,35.6,21.2,10.4,28.976,113.8,113.8,229.2,115.4,36,shai_gilgeous-alexander
2024-11-30,MIL vs. WAS,WAS,203507,22400302,1,5.0,30.4,33.2,34.0,34.8,21.4,8.6,29.384000000000004,122.5,122.5,227.1,104.6,42,giannis_antetokounmpo
2024-11-30,GSW @ PHX,PHX,201939,22400303,0,5.0,22.0,23.5,31.2,31.2,15.4,2.6,20.144,117.2,117.2,229.3,112.1,23,stephen_curry
2024-12-01,NYK vs. NOP,NOP,1628973,22400308,1,2.0,30.0,26.7,37.0,35.2,18.6,7.0,24.28,113.6,113.6,214.0,100.4,16,jalen_brunson
2024-12-01,LAL @ UTA,UTA,2544,22400311,0,2.0,19.0,21.1,34.8,35.5,17.2,2.2,23.168,118.2,118.2,230.0,111.8,27,lebron_james
2024-12-01,OKC @ HOU,HOU,1628983,22400310,0,2.0,33.6,33.0,37.4,36.4,23.0,9.8,30.912,103.8,103.8,220.7,116.9,32,shai_gilgeous-alexander
2024-12-02,MIN vs. LAL,LAL,1630162,22400318,1,3.0,26.6,26.5,38.2,38.6,21.6,6.0,26.84,113.4,113.4,224.7,111.3,8,anthony_edwards
2024-12-02,LAL @ MIN,MIN,2544,22400318,0,1.0,18.2,21.9,34.6,35.6,18.4,2.0,24.08,110.7,110.7,217.5,106.8,10,lebron_james
2024-12-03,DET vs. MIL,MIL,1630595,22400052,1,4.0,22.6,23.7,34.6,36.4,19.6,5.0,25.8,109.2,109.2,224.6,115.4,23,cade_cunningham
2024-12-03,MIL @ DET,DET,203507,22400052,0,3.0,34.4,34.3,35.0,35.6,21.8,11.8,31.591999999999995,113.0,113.0,224.5,111.5,28,giannis_antetokounmpo
2024-12-03,NYK vs. ORL,ORL,1628973,22400053,1,2.0,26.0,26.5,34.8,34.3,16.6,7.0,21.880000000000003,99.2,99.2,206.7,107.5,21,jalen_brunson
2024-12-03,OKC vs. UTA,UTA,1628983,22400055,1,2.0,33.6,33.8,37.2,36.6,22.8,10.8,30.752,116.7,116.7,227.7,111.0,26,shai_gilgeous-alexander
2024-12-03,GSW @ DEN,DEN,201939,22400058,0,3.0,21.4,23.1,31.2,31.0,15.4,3.6,19.984,115.7,115.7,232.9,117.2,24,stephen_curry
2024-12-04,MIN @ LAC,LAC,1630162,22400324,0,2.0,23.0,25.1,36.4,37.6,20.2,5.8,25.552,102.6,102.6,213.7,111.1,16,anthony_edwards
2024-12-04,DET @ BOS,BOS,1630595,22400319,0,1.0,24.2,24.0,34.0,35.9,18.6,5.8,25.152,109.9,109.9,229.8,119.9,27,cade_cunningham
2024-12-04,MIL vs. ATL,ATL,203507,22400323,1,1.0,36.0,34.7,33.4,35.2,20.6,12.8,30.43200000000001,116.5,116.5,233.4,116.9,31,giannis_antetokounmpo
2024-12-04,LAL @ MIA,MIA,2544,22400321,0,2.0,16.6,19.4,33.8,35.0,18.2,2.2,23.968,109.8,109.8,220.9,111.1,29,lebron_james
2024-12-05,NYK vs. CHA,CHA,1628973,22400327,1,2.0,25.6,26.2,32.8,33.6,15.8,6.8,21.192,111.3,111.3,218.3,107.0,24,jalen_brunson
2024-12-05,OKC @ TOR,TOR,1628983,22400328,0,2.0,33.2,31.9,35.4,35.7,22.8,8.4,29.296,111.4,111.4,225.1,113.7,30,shai_gilgeous-alexander
2024-12-06,MIN @ GSW,GSW,1630162,22400338,0,2.0,20.6,24.1,33.8,36.5,18.8,5.4,23.776,108.7,108.7,217.5,108.8,30,anthony_edwards
2024-12-06,MIL @ BOS,BOS,203507,22400335,0,2.0,34.0,33.5,33.6,34.9,18.6,15.2,30.088,110.2,110.2,231.5,121.3,30,giannis_antetokounmpo
2024-12-06,LAL @ ATL,ATL,2544,22400334,0,2.0,18.8,20.8,32.6,34.1,18.6,2.6,24.544000000000004,115.2,115.2,231.1,115.9,39,lebron_james
2024-12-06,GSW vs. MIN,MIN,201939,22400338,1,3.0,21.6,24.3,32.0,32.0,18.0,3.4,22.496,105.0,105.0,213.3,108.3,23,stephen_curry
2024-12-07,DET @ NYK,NYK,1630595,22400343,0,3.0,25.4,24.5,34.6,35.7,19.8,5.2,26.888,109.0,109.0,230.4,121.4,29,cade_cunningham
2024-12-07,NYK vs. DET,DET,1628973,22400343,1,2.0,25.8,24.9,30.6,32.9,14.6,7.8,20.032,116.6,116.6,228.9,112.3,31,jalen_brunson
2024-12-07,OKC @ NOP,NOP,1628983,22400342,0,2.0,31.8,32.0,34.4,35.4,23.2,7.8,28.632,119.5,119.5,222.8,103.3,31,shai_gilgeous-alexander
2024-12-08,MIN @ GSW,GSW,1630162,22400355,0,2.0,20.8,24.7,32.2,36.0,18.0,4.2,22.648,107.6,107.6,213.1,105.5,27,anthony_edwards
2024-12-08,MIL @ BKN,BKN,203507,22400348,0,2.0,32.6,34.2,33.8,35.2,19.4,14.2,29.448,112.3,112.3,219.7,107.4,34,giannis_antetokounmpo
2024-12-08,GSW vs. MIN,MIN,201939,22400355,1,2.0,22.4,23.0,31.8,31.5,18.8,4.4,23.536,103.4,103.4,212.6,109.2,30,stephen_curry
2024-12-09,NYK @ TOR,TOR,1628973,22400359,0,2.0,24.6,26.8,32.2,33.9,14.6,7.6,20.544,114.3,114.3,227.2,112.9,20,jalen_brunson
2024-12-10,MIL vs. ORL,ORL,203507,22401201,1,2.0,33.0,31.7,35.2,34.6,19.2,14.2,29.048,104.8,104.8,215.0,110.2,37,giannis_antetokounmpo
2024-12-10,OKC vs. DAL,DAL,1628983,22401203,1,3.0,31.0,32.3,33.4,35.5,21.2,8.2,27.008,112.7,112.7,238.4,125.7,39,shai_gilgeous-alexander
2024-12-11,NYK vs. ATL,ATL,1628973,22401202,1,2.0,22.4,26.2,31.8,34.4,13.6,6.2,19.128,120.3,120.3,238.8,118.5,14,jalen_brunson
2024-12-11,GSW @ HOU,HOU,201939,22401204,0,3.0,25.6,22.3,32.4,31.5,19.2,6.4,24.816000000000003,107.3,107.3,219.6,112.3,19,stephen_curry
2024-12-12,DET @ BOS,BOS,1630595,22401205,0,5.0,26.0,24.8,34.4,35.6,19.8,4.8,26.712,109.7,109.7,227.7,118.0,18,cade_cunningham
2024-12-13,MIN vs. LAL,LAL,1630162,22401210,1,5.0,20.4,23.8,32.2,35.5,17.0,3.0,22.12,115.4,115.4,220.3,104.9,23,anthony_edwards
2024-12-14,MIL vs. ATL,ATL,203507,22401229,1,4.0,32.0,33.2,34.8,34.9,19.2,13.2,29.008,118.3,118.3,237.9,119.6,32,giannis_antetokounmpo
2024-12-14,OKC vs. HOU,HOU,1628983,22401230,1,4.0,31.6,32.6,33.6,35.5,20.2,7.4,25.456,106.2,106.2,217.6,111.4,32,shai_gilgeous-alexander
2024-12-15,MIN @ SAS,SAS,1630162,22401218,0,2.0,20.8,23.7,31.6,34.9,16.8,3.0,22.12,118.6,118.6,234.1,115.5,26,anthony_edwards
2024-12-15,NYK @ ORL,ORL,1628973,22401227,0,4.0,22.0,24.0,33.8,34.3,14.4,5.8,19.552,104.4,104.4,213.6,109.2,31,jalen_brunson
2024-12-15,LAL vs. MEM,MEM,2544,22401220,1,5.0,23.4,22.6,34.6,34.7,20.0,3.8,26.272,115.3,115.3,243.8,128.5,18,lebron_james
2024-12-15,GSW vs. DAL,DAL,201939,22401228,1,4.0,23.8,22.9,33.4,32.3,19.2,5.8,24.152,115.4,115.4,238.3,122.9,26,stephen_curry
2024-12-16,DET vs. MIA,MIA,1630595,22401221,1,4.0,24.2,24.5,34.0,35.3,19.0,3.0,24.72,107.7,107.7,221.8,114.1,20,cade_cunningham
2024-12-19,MIN vs. NYK,NYK,1630162,22400367,1,4.0,24.4,23.7,31.8,34.1,18.4,3.2,23.408,106.4,106.4,221.0,114.6,17,anthony_edwards
2024-12-19,DET vs. UTA,UTA,1630595,22400360,1,3.0,23.4,23.0,35.8,35.2,18.6,4.0,24.36,121.8,121.8,233.2,111.4,33,cade_cunningham
2024-12-19,NYK @ MIN,MIN,1628973,22400367,0,4.0,24.0,24.8,36.0,34.4,15.0,7.8,21.032,97.4,97.4,202.0,104.6,14,jalen_brunson
2024-12-19,LAL @ SAC,SAC,2544,22400372,0,4.0,24.6,21.8,34.6,34.7,20.8,4.2,27.248,115.1,115.1,235.7,120.6,19,lebron_james
2024-12-19,OKC @ ORL,ORL,1628983,22400361,0,5.0,31.6,32.6,34.0,35.6,20.6,8.2,26.008,104.4,104.4,211.6,107.2,35,shai_gilgeous-alexander
2024-12-19,GSW @ MEM,MEM,201939,22400366,0,4.0,24.4,22.9,34.0,32.6,18.8,5.0,23.8,113.8,113.8,239.1,125.3,2,stephen_curry
2024-12-20,MIL @ CLE,CLE,203507,22400374,0,5.0,32.8,34.4,36.8,35.1,20.0,14.4,29.336,110.2,110.2,228.2,118.0,33,giannis_antetokounmpo
2024-12-20,OKC @ MIA,MIA,1628983,22400375,0,1.0,33.4,33.3,35.2,35.3,22.0,8.6,28.384000000000004,108.4,108.4,222.6,114.2,25,shai_gilgeous-alexander
2024-12-21,MIN vs. GSW,GSW,1630162,22400383,1,2.0,24.6,22.6,33.4,33.6,18.8,2.8,23.632,114.9,114.9,220.9,106.0,19,anthony_edwards
2024-12-21,DET @ PHX,PHX,1630595,22400387,0,2.0,25.4,24.8,37.0,35.5,20.0,3.6,25.584,114.2,114.2,230.9,116.7,28,cade_cunningham
2024-12-21,NYK @ NOP,NOP,1628973,22400384,0,2.0,22.0,23.9,36.6,33.6,16.2,6.6,22.304,120.8,120.8,228.4,107.6,39,jalen_brunson
2024-12-21,LAL @ SAC,SAC,2544,22400376,0,2.0,23.0,20.6,34.2,34.4,19.4,4.0,25.56,113.4,113.4,233.1,119.7,32,lebron_james
2024-12-21,GSW @ MIN,MIN,201939,22400383,0,2.0,20.0,20.8,32.0,32.0,15.6,4.6,19.824,100.0,100.0,204.8,104.8,31,stephen_curry
2024-12-23,MIN @ ATL,ATL,1630162,22400395,0,2.0,22.4,21.6,34.2,33.2,19.2,2.8,23.432,116.5,116.5,232.5,116.0,16,anthony_edwards
2024-12-23,DET @ LAL,LAL,1630595,22400404,0,2.0,25.6,25.5,37.4,36.0,19.6,5.0,25.4,108.6,108.6,211.5,102.9,20,cade_cunningham
2024-12-23,NYK vs. TOR,TOR,1628973,22400397,1,2.0,23.6,24.1,35.8,34.0,15.8,6.0,21.44,116.6,116.6,226.5,109.9,12,jalen_brunson
2024-12-23,LAL vs. DET,DET,2544,22400404,1,2.0,27.4,22.0,34.8,34.3,21.0,4.4,26.936,121.5,121.5,237.5,116.0,28,lebron_james
2024-12-23,OKC vs. WAS,WAS,1628983,22400400,1,3.0,32.4,32.1,36.8,35.6,22.6,7.4,28.656,120.6,120.6,226.5,105.9,41,shai_gilgeous-alexander
2024-12-23,GSW vs. IND,IND,201939,22400403,1,2.0,21.6,22.0,32.4,32.1,16.4,4.0,19.96,114.0,114.0,229.1,115.1,10,stephen_curry
2024-12-25,MIN @ DAL,DAL,1630162,22400406,0,2.0,20.2,20.3,33.2,32.7,19.4,2.6,23.344,113.4,113.4,234.7,121.3,26,anthony_edwards
2024-12-25,NYK vs. SAS,SAS,1628973,22400405,1,2.0,22.0,22.2,35.2,33.5,15.8,6.6,21.704,117.7,117.7,231.8,114.1,20,jalen_brunson
2024-12-25,LAL @ GSW,GSW,2544,22400408,0,2.0,27.2,23.0,36.0,34.3,20.6,5.0,26.2,113.0,113.0,218.7,105.7,31,lebron_james
2024-12-25,GSW vs. LAL,LAL,201939,22400408,1,2.0,17.6,21.6,32.4,32.4,15.4,2.6,18.344,110.2,110.2,215.2,105.0,38,stephen_curry
2024-12-26,DET @ SAC,SAC,1630595,22400418,0,3.0,23.8,24.9,37.4,35.9,21.2,4.0,26.96,114.0,114.0,231.0,117.0,33,cade_cunningham
2024-12-26,OKC @ IND,IND,1628983,22400410,0,3.0,34.4,32.7,37.0,35.2,24.0,7.0,29.68,111.5,111.5,227.1,115.6,45,shai_gilgeous-alexander
2024-12-27,MIN @ HOU,HOU,1630162,22400422,0,2.0,20.8,20.8,34.4,33.0,20.2,1.6,23.504,107.7,107.7,219.3,111.6,24,anthony_edwards
2024-12-27,NYK @ ORL,ORL,1628973,22400419,0,2.0,23.2,22.6,35.6,34.7,17.4,7.4,23.456,106.1,106.1,209.8,103.7,26,jalen_brunson
2024-12-28,DET @ DEN,DEN,1630595,22400432,0,2.0,26.8,25.5,38.0,36.0,21.6,6.4,28.416000000000004,119.0,119.0,241.6,122.6,17,cade_cunningham
2024-12-28,NYK @ WAS,WAS,1628973,22400429,0,1.0,22.2,23.1,35.4,35.7,18.0,5.8,22.952,119.4,119.4,226.1,106.7,55,jalen_brunson
2024-12-28,OKC @ CHA,CHA,1628983,22400428,0,2.0,35.6,33.6,37.0,35.3,23.8,8.4,29.896,114.8,114.8,219.4,104.6,22,shai_gilgeous-alexander
2024-12-28,GSW vs. PHX,PHX,201939,22400431,1,3.0,21.4,22.6,32.8,33.1,16.8,2.8,20.432,116.5,116.5,228.5,112.0,22,stephen_curry
2024-12-29,MIN vs. SAS,SAS,1630162,22400441,1,2.0,20.4,22.4,35.8,33.8,19.4,1.6,23.104,115.2,115.2,228.3,113.1,14,anthony_edwards
2024-12-29,OKC vs. MEM,MEM,1628983,22400440,1,1.0,33.6,32.6,36.0,35.0,22.6,6.6,28.904000000000003,114.7,114.7,244.3,129.6,35,shai_gilgeous-alexander
2024-12-30,NYK @ WAS,WAS,1628973,22400443,0,2.0,30.4,26.2,38.2,37.4,21.4,8.8,27.672000000000004,121.2,121.2,232.4,111.2,18,jalen_brunson
2024-12-30,GSW vs. CLE,CLE,201939,22400446,1,2.0,20.6,22.5,32.8,33.4,17.4,2.6,21.544,107.9,107.9,232.0,124.1,11,stephen_curry
2024-12-31,MIN @ OKC,OKC,1630162,22400452,0,2.0,19.8,22.2,36.6,35.0,20.2,1.8,23.992,101.6,101.6,218.1,116.5,20,anthony_edwards
2024-12-31,MIL @ IND,IND,203507,22400450,0,5.0,33.2,33.6,35.6,34.6,21.6,11.2,29.728,113.4,113.4,231.0,117.6,30,giannis_antetokounmpo
2024-12-31,LAL vs. CLE,CLE,2544,22400454,1,5.0,25.6,24.5,34.8,34.7,20.0,4.8,24.912,108.7,108.7,232.3,123.6,23,lebron_james
2024-12-31,OKC vs. MIN,MIN,1628983,22400452,1,2.0,33.6,33.5,34.4,34.8,21.2,7.0,27.08,106.7,106.7,212.7,106.0,40,shai_gilgeous-alexander
2025-01-01,DET vs. ORL,ORL,1630595,22400455,1,4.0,26.2,24.8,35.0,35.4,21.8,5.8,28.152,104.7,104.7,205.9,101.2,19,cade_cunningham
2025-01-02,MIN vs. BOS,BOS,1630162,22400464,1,2.0,20.0,21.2,36.6,35.4,18.6,1.8,22.792,106.4,106.4,225.0,118.6,15,anthony_edwards
2025-01-02,MIL vs. BKN,BKN,203507,22400465,1,2.0,33.2,32.9,35.4,34.6,20.6,12.6,29.544,112.5,112.5,216.0,103.5,27,giannis_antetokounmpo
2025-01-02,LAL vs. POR,POR,2544,22400468,1,2.0,26.6,25.6,34.8,34.7,20.0,4.4,24.136,121.9,121.9,232.0,110.1,38,lebron_james
2025-01-02,OKC vs. LAC,LAC,1628983,22400466,1,2.0,36.6,34.5,33.6,35.2,20.8,8.4,27.296000000000003,109.7,109.7,215.8,106.1,29,shai_gilgeous-alexander
2025-01-02,GSW vs. PHI,PHI,201939,22400467,1,3.0,22.4,21.2,33.8,32.9,18.8,2.2,22.568,110.0,110.0,221.8,111.8,30,stephen_curry
2025-01-03,DET vs. CHA,CHA,1630595,22400469,1,2.0,23.4,24.4,34.0,35.5,20.0,5.4,26.376,113.4,113.4,217.7,104.3,18,cade_cunningham
2025-01-03,NYK @ OKC,OKC,1628973,22400473,0,4.0,26.2,24.9,37.4,36.6,21.0,8.6,26.784,101.8,101.8,216.4,114.6,22,jalen_brunson
2025-01-03,LAL vs. ATL,ATL,2544,22400477,1,1.0,30.4,26.7,35.2,34.7,20.8,4.4,25.336,120.5,120.5,239.8,119.3,30,lebron_james
2025-01-03,OKC vs. NYK,NYK,1628983,22400473,1,1.0,34.2,34.3,32.6,34.8,19.2,8.2,25.208,106.4,106.4,224.6,118.2,33,shai_gilgeous-alexander
2025-01-04,MIN @ DET,DET,1630162,22400479,0,2.0,19.8,20.0,37.4,35.3,17.8,2.4,21.656,116.0,116.0,231.1,115.1,53,anthony_edwards
2025-01-04,DET vs. MIN,MIN,1630595,22400479,1,1.0,21.4,23.5,32.6,35.0,20.2,4.0,25.56,109.4,109.4,216.1,106.7,40,cade_cunningham
2025-01-04,MIL vs. POR,POR,203507,22400483,1,2.0,31.8,32.4,35.2,35.2,21.0,12.6,29.944,119.2,119.2,230.0,110.8,31,giannis_antetokounmpo
2025-01-04,NYK @ CHI,CHI,1628973,22400482,0,1.0,28.2,25.1,39.0,37.1,23.0,8.2,28.608,115.2,115.2,226.0,110.8,33,jalen_brunson
2025-01-05,LAL @ HOU,HOU,2544,22400491,0,2.0,30.0,28.7,34.4,34.6,20.0,3.6,23.984,106.1,106.1,214.5,108.4,21,lebron_james
2025-01-05,OKC vs. BOS,BOS,1628983,22400487,1,2.0,31.8,33.7,32.4,34.7,20.0,7.4,25.856,103.9,103.9,220.8,116.9,33,shai_gilgeous-alexander
2025-01-05,GSW vs. SAC,SAC,201939,22400492,1,3.0,22.2,21.9,33.0,32.7,17.6,1.2,21.128,116.3,116.3,229.3,113.0,26,stephen_curry
2025-01-06,MIN vs. LAC,LAC,1630162,22400500,1,2.0,25.2,23.0,38.4,36.4,19.2,4.8,24.512,109.3,109.3,219.7,110.4,37,anthony_edwards
2025-01-06,DET vs. POR,POR,1630595,22400493,1,2.0,25.4,24.6,33.2,35.3,21.0,5.0,26.4,118.7,118.7,230.2,111.5,32,cade_cunningham
2025-01-06,MIL @ TOR,TOR,203507,22400497,0,2.0,30.6,31.3,35.6,35.2,21.6,11.0,29.44,122.5,122.5,231.0,108.5,11,giannis_antetokounmpo
2025-01-06,NYK vs. ORL,ORL,1628973,22400496,1,2.0,30.8,27.0,38.0,36.8,22.4,9.0,28.360000000000003,102.8,102.8,201.6,98.8,24,jalen_brunson
2025-01-07,MIN @ NOP,NOP,1630162,22400505,0,1.0,27.8,24.1,38.8,37.3,21.6,5.0,26.8,120.1,120.1,233.8,113.7,32,anthony_edwards
2025-01-07,LAL @ DAL,DAL,2544,22400504,0,2.0,28.6,27.9,34.6,35.3,20.0,2.6,23.544,111.6,111.6,220.0,108.4,18,lebron_james
2025-01-07,GSW vs. MIA,MIA,201939,22400508,1,2.0,25.4,21.5,32.0,32.2,17.4,1.6,21.304,112.3,112.3,219.9,107.6,31,stephen_curry
2025-01-08,DET @ BKN,BKN,1630595,22400513,0,2.0,25.2,26.0,33.4,35.7,20.8,3.8,25.872000000000003,108.8,108.8,209.6,100.8,13,cade_cunningham
2025-01-08,MIL vs. SAS,SAS,203507,22400516,1,2.0,26.4,29.6,33.8,35.3,20.2,7.8,27.832,107.9,107.9,220.8,112.9,25,giannis_antetokounmpo
2025-01-08,NYK vs. TOR,TOR,1628973,22400511,1,2.0,30.4,26.3,37.8,36.6,22.4,9.8,28.912,123.9,123.9,232.4,108.5,13,jalen_brunson
2025-01-08,OKC @ CLE,CLE,1628983,22400509,0,3.0,34.0,33.8,33.6,34.8,21.6,7.8,27.032,108.6,108.6,233.8,125.2,31,shai_gilgeous-alexander
2025-01-09,MIN @ ORL,ORL,1630162,22400519,0,2.0,31.4,25.6,38.8,37.7,21.8,6.0,27.840000000000003,102.2,102.2,202.2,100.0,21,anthony_edwards
2025-01-09,DET vs. GSW,GSW,1630595,22400518,1,1.0,24.4,25.3,32.6,33.8,19.2,3.8,24.472,111.0,111.0,219.4,108.4,32,cade_cunningham
2025-01-09,GSW @ DET,DET,201939,22400518,0,2.0,24.0,22.7,31.4,32.1,17.0,1.4,20.816,112.0,112.0,227.7,115.7,17,stephen_curry
2025-01-10,MIL @ ORL,ORL,203507,22400526,0,2.0,24.8,29.0,35.0,35.3,20.0,7.2,27.168,102.1,102.1,201.1,99.0,41,giannis_antetokounmpo
2025-01-10,NYK vs. OKC,OKC,1628973,22400529,1,2.0,22.0,26.2,36.0,37.1,18.8,7.2,23.768,104.7,104.7,220.3,115.6,27,jalen_brunson
2025-01-10,OKC @ NYK,NYK,1628983,22400529,0,2.0,33.2,33.4,35.6,35.0,23.2,7.4,29.256,112.2,112.2,230.6,118.4,39,shai_gilgeous-alexander
2025-01-11,MIN vs. MEM,MEM,1630162,22400535,1,2.0,31.6,25.8,38.2,37.4,23.2,7.0,29.48,120.0,120.0,242.8,122.8,15,anthony_edwards
2025-01-11,DET vs. TOR,TOR,1630595,22400534,1,2.0,27.0,25.2,33.8,33.9,20.6,5.0,26.2,126.0,126.0,235.4,109.4,22,cade_cunningham
2025-01-12,MIL @ NYK,NYK,203507,22400539,0,2.0,27.0,30.1,35.4,35.4,21.8,6.6,28.904000000000003,112.3,112.3,226.9,114.6,24,giannis_antetokounmpo
2025-01-12,NYK vs. MIL,MIL,1628973,22400539,1,2.0,23.8,25.0,35.4,36.4,18.4,8.6,24.384,106.4,106.4,219.4,113.0,44,jalen_brunson
2025-01-12,OKC @ WAS,WAS,1628983,22400545,0,2.0,33.0,34.8,34.6,34.1,22.8,7.2,28.568,122.6,122.6,234.5,111.9,27,shai_gilgeous-alexander
2025-01-13,MIN @ WAS,WAS,1630162,22400548,0,2.0,31.6,25.7,38.8,38.1,22.6,7.6,29.944,123.9,123.9,234.8,110.9,41,anthony_edwards
2025-01-13,DET @ NYK,NYK,1630595,22400549,0,2.0,27.8,24.6,35.4,34.0,20.0,5.6,27.064,111.5,111.5,228.4,116.9,36,cade_cunningham
2025-01-13,NYK vs. DET,DET,1628973,22400549,1,1.0,28.2,28.2,33.2,36.1,19.0,9.0,24.76,109.0,109.0,222.2,113.2,31,jalen_brunson
2025-01-13,LAL vs. SAS,SAS,2544,22400552,1,5.0,26.0,25.8,34.2,34.5,18.0,2.8,21.832,107.4,107.4,217.5,110.1,18,lebron_james
2025-01-13,GSW @ TOR,TOR,201939,22400550,0,4.0,23.0,21.8,31.6,32.2,16.8,2.4,20.656,126.9,126.9,236.7,109.8,26,stephen_curry
2025-01-14,MIL vs. SAC,SAC,203507,22400558,1,2.0,26.4,29.1,34.2,34.7,21.2,6.6,28.504,114.1,114.1,232.2,118.1,33,giannis_antetokounmpo
2025-01-14,OKC @ PHI,PHI,1628983,22400555,0,2.0,32.6,33.4,34.6,33.6,22.8,8.8,29.672000000000004,111.3,111.3,222.7,111.4,32,shai_gilgeous-alexander
2025-01-15,MIN vs. GSW,GSW,1630162,22400565,1,2.0,29.2,27.2,37.2,37.8,21.4,6.8,28.592,109.7,109.7,215.4,105.7,28,anthony_edwards
2025-01-15,MIL vs. ORL,ORL,203507,22400564,1,1.0,26.8,28.7,34.0,34.8,20.4,7.2,27.768,101.1,101.1,198.2,97.1,26,giannis_antetokounmpo
2025-01-15,NYK @ PHI,PHI,1628973,22400561,0,2.0,27.8,29.3,34.4,36.2,19.8,8.4,25.896000000000004,111.7,111.7,221.5,109.8,38,jalen_brunson
2025-01-15,LAL vs. MIA,MIA,2544,22400570,1,2.0,25.0,25.8,33.8,34.3,16.8,3.2,21.808,111.2,111.2,220.6,109.4,22,lebron_james
2025-01-15,GSW @ MIN,MIN,201939,22400565,0,2.0,26.0,24.2,32.8,33.3,17.4,3.2,22.208,109.7,109.7,220.8,111.1,31,stephen_curry
2025-01-16,DET vs. IND,IND,1630595,22400572,1,3.0,27.0,26.2,34.2,33.7,19.6,5.0,26.2,112.7,112.7,229.6,116.9,20,cade_cunningham
2025-01-16,OKC vs. CLE,CLE,1628983,22400574,1,2.0,32.4,32.1,33.8,33.1,20.6,9.0,27.96,115.3,115.3,239.1,123.8,40,shai_gilgeous-alexander
2025-01-17,MIN @ NYK,NYK,1630162,22400578,0,2.0,27.4,27.6,38.0,38.4,19.4,8.2,27.808,114.1,114.1,231.0,116.9,36,anthony_edwards
2025-01-17,MIL vs. TOR,TOR,203507,22400580,1,2.0,29.8,28.1,34.2,34.0,21.8,8.4,29.496,117.3,117.3,223.4,106.1,35,giannis_antetokounmpo
2025-01-17,NYK vs. MIN,MIN,1628973,22400578,1,2.0,30.6,30.5,36.2,37.0,20.0,8.2,26.608,110.1,110.1,221.4,111.3,26,jalen_brunson
2025-01-17,LAL vs. BKN,BKN,2544,22400585,1,2.0,21.8,26.1,34.2,34.7,14.8,3.2,19.408,116.7,116.7,220.0,103.3,29,lebron_james
2025-01-18,MIN vs. CLE,CLE,1630162,22400590,1,1.0,28.2,29.8,38.0,38.4,19.4,7.8,28.032,117.4,117.4,240.2,122.8,28,anthony_edwards
2025-01-18,DET vs. PHX,PHX,1630595,22400586,1,2.0,24.6,24.9,34.2,33.8,19.2,4.8,26.312,114.5,114.5,228.7,114.2,20,cade_cunningham
2025-01-18,GSW vs. WAS,WAS,201939,22400589,1,3.0,26.2,24.2,34.2,33.6,18.6,4.0,23.56,124.3,124.3,233.6,109.3,26,stephen_curry
2025-01-19,MIL vs. PHI,PHI,203507,22400594,1,2.0,31.8,28.3,34.0,34.5,21.6,10.6,30.664,114.3,114.3,222.3,108.0,34,giannis_antetokounmpo
2025-01-19,LAL @ LAC,LAC,2544,22400596,0,2.0,21.6,25.8,35.2,34.8,14.2,3.2,19.208,103.6,103.6,213.1,109.5,25,lebron_james
2025-01-19,OKC vs. BKN,BKN,1628983,22400595,1,3.0,33.8,33.9,31.8,32.7,21.2,8.4,28.096000000000004,116.7,116.7,220.0,103.3,27,shai_gilgeous-alexander
2025-01-20,MIN @ MEM,MEM,1630162,22400601,0,2.0,29.6,30.6,39.0,38.6,20.0,7.2,28.367999999999995,119.6,119.6,241.3,121.7,32,anthony_edwards
2025-01-20,DET @ HOU,HOU,1630595,22400600,0,2.0,26.0,25.2,36.6,34.6,22.4,5.6,29.864,111.5,111.5,228.4,116.9,32,cade_cunningham
2025-01-20,NYK vs. ATL,ATL,1628973,22400602,1,3.0,33.2,27.6,36.4,36.2,22.0,8.4,28.696,117.6,117.6,234.9,117.3,34,jalen_brunson
2025-01-20,GSW vs. BOS,BOS,201939,22400604,1,2.0,26.2,25.8,35.0,33.5,20.6,3.2,24.608,103.9,103.9,215.1,111.2,18,stephen_curry
2025-01-21,NYK @ BKN,BKN,1628973,22400606,0,1.0,34.6,29.2,37.6,36.5,22.6,8.2,29.008,116.4,116.4,218.5,102.1,17,jalen_brunson
2025-01-21,LAL vs. WAS,WAS,2544,22400610,1,2.0,22.4,25.5,35.0,34.8,15.0,4.0,20.96,125.5,125.5,233.1,107.6,21,lebron_james
2025-01-22,MIN @ DAL,DAL,1630162,22400614,0,2.0,33.0,32.3,38.8,38.8,21.2,9.4,30.336,112.8,112.8,221.5,108.7,21,anthony_edwards
2025-01-22,DET @ ATL,ATL,1630595,22400612,0,2.0,26.0,26.5,35.8,34.8,22.6,5.0,31.0,118.5,118.5,234.8,116.3,29,cade_cunningham
2025-01-22,OKC vs. UTA,UTA,1628983,22400618,1,3.0,33.0,33.1,30.0,32.8,18.6,9.6,25.424,113.3,113.3,226.2,112.9,54,shai_gilgeous-alexander
2025-01-22,GSW @ SAC,SAC,201939,22400619,0,2.0,23.6,23.8,33.8,32.6,19.4,3.4,23.296,113.0,113.0,235.1,122.1,14,stephen_curry
2025-01-23,MIL vs. MIA,MIA,203507,22400624,1,4.0,30.4,28.7,33.8,34.6,19.2,11.4,28.016,112.9,112.9,223.1,110.2,25,giannis_antetokounmpo
2025-01-23,LAL vs. BOS,BOS,2544,22400629,1,2.0,23.0,24.5,35.2,34.7,16.2,3.4,22.496,105.1,105.1,216.2,111.1,20,lebron_james
2025-01-23,OKC vs. DAL,DAL,1628983,22400625,1,1.0,36.0,34.5,31.6,33.1,21.4,11.6,29.304,113.3,113.3,223.5,110.2,31,shai_gilgeous-alexander
2025-01-23,GSW vs. CHI,CHI,201939,22400628,1,1.0,23.0,23.0,33.4,32.5,17.4,2.6,20.944,116.0,116.0,232.7,116.7,21,stephen_curry
2025-01-25,MIN vs. DEN,DEN,1630162,22400634,1,3.0,29.0,29.1,39.0,38.1,20.0,9.4,28.336,109.9,109.9,231.5,121.6,34,anthony_edwards
2025-01-25,DET @ ORL,ORL,1630595,22400638,0,3.0,27.4,27.6,35.2,35.3,23.0,4.8,31.712,107.7,107.7,203.0,95.3,35,cade_cunningham
2025-01-25,MIL @ LAC,LAC,203507,22400646,0,2.0,30.6,28.5,34.0,34.1,18.6,11.4,26.815999999999995,101.7,101.7,214.8,113.1,36,giannis_antetokounmpo
2025-01-25,NYK vs. SAC,SAC,1628973,22400641,1,4.0,29.2,28.7,39.6,36.4,21.0,7.4,27.056,117.2,117.2,241.6,124.4,25,jalen_brunson
2025-01-25,LAL @ GSW,GSW,2544,22400644,0,2.0,23.4,24.2,35.0,34.4,18.0,3.0,23.12,114.2,114.2,221.4,107.2,25,lebron_james
2025-01-25,GSW vs. LAL,LAL,201939,22400644,1,2.0,22.0,24.0,32.6,32.7,17.8,1.8,20.792,108.0,108.0,217.6,109.6,13,stephen_curry
2025-01-26,OKC @ POR,POR,1628983,22400647,0,3.0,36.8,34.7,33.6,34.1,23.0,9.4,29.936,109.6,109.6,216.2,106.6,35,shai_gilgeous-alexander
2025-01-27,MIN vs. ATL,ATL,1630162,22400656,1,2.0,30.2,28.8,37.4,37.7,20.8,8.0,28.120000000000005,117.3,117.3,229.5,112.2,23,anthony_edwards
2025-01-27,DET @ CLE,CLE,1630595,22400649,0,2.0,27.2,27.1,36.4,35.3,23.8,5.4,33.376,119.2,119.2,239.7,120.5,22,cade_cunningham
2025-01-27,MIL @ UTA,UTA,203507,22400658,0,2.0,31.2,29.0,33.6,33.8,18.4,13.0,27.52,116.2,116.2,226.9,110.7,35,giannis_antetokounmpo
2025-01-27,NYK vs. MEM,MEM,1628973,22400653,1,2.0,28.0,27.9,39.0,36.7,19.6,6.4,24.816,115.0,115.0,240.2,125.2,20,jalen_brunson
2025-01-27,LAL @ CHA,CHA,2544,22400648,0,2.0,24.0,22.9,34.4,34.3,20.0,3.0,25.32,110.3,110.3,222.2,111.9,22,lebron_james
2025-01-28,MIL @ POR,POR,203507,22400662,0,1.0,33.0,31.4,35.0,34.6,20.0,13.4,28.496,111.4,111.4,216.9,105.5,39,giannis_antetokounmpo
2025-01-28,LAL @ PHI,PHI,2544,22400660,0,1.0,22.6,22.1,34.6,34.9,20.0,3.6,25.584,118.1,118.1,228.6,110.5,31,lebron_james
2025-01-29,MIN @ PHX,PHX,1630162,22400672,0,2.0,27.6,27.9,36.8,37.4,20.6,9.8,28.112,112.0,112.0,227.9,115.9,33,anthony_edwards
2025-01-29,DET @ IND,IND,1630595,22400664,0,2.0,27.6,26.1,35.2,34.7,24.8,5.2,33.288,107.6,107.6,224.9,117.3,32,cade_cunningham
2025-01-29,NYK vs. DEN,DEN,1628973,22400668,1,2.0,24.4,27.5,35.0,35.6,18.0,5.0,21.800000000000004,114.0,114.0,234.9,120.9,30,jalen_brunson
2025-01-29,OKC @ GSW,GSW,1628983,22400673,0,3.0,37.4,34.9,34.4,34.1,25.0,9.6,31.624,112.0,112.0,221.7,109.7,52,shai_gilgeous-alexander
2025-01-29,GSW vs. OKC,OKC,201939,22400673,1,4.0,18.4,22.3,31.6,32.9,17.0,1.8,20.392,109.1,109.1,230.8,121.7,21,stephen_curry
2025-01-30,MIN @ UTA,UTA,1630162,22400677,0,1.0,28.6,29.1,36.6,37.8,20.2,10.4,28.976,118.5,118.5,227.9,109.4,36,anthony_edwards
2025-01-30,LAL @ WAS,WAS,2544,22400674,0,2.0,23.8,23.1,34.2,34.6,19.2,4.6,25.824,120.7,120.7,222.5,101.8,24,lebron_james
2025-01-31,DET vs. DAL,DAL,1630595,22400680,1,2.0,30.0,28.0,35.6,36.1,24.0,5.6,32.664,115.3,115.3,228.9,113.6,40,cade_cunningham
2025-01-31,MIL @ SAS,SAS,203507,22400684,0,3.0,33.8,32.8,35.2,34.6,20.8,11.8,28.192,123.0,123.0,237.0,114.0,35,giannis_antetokounmpo
2025-01-31,GSW vs. PHX,PHX,201939,22400685,1,2.0,17.4,21.8,31.4,33.2,15.6,2.2,18.968,112.6,112.6,227.5,114.9,14,stephen_curry
2025-02-01,NYK vs. LAL,LAL,1628973,22400692,1,3.0,25.2,29.2,35.0,35.7,16.6,5.4,20.776,106.4,106.4,218.3,111.9,17,jalen_brunson
2025-02-01,LAL @ NYK,NYK,2544,22400692,0,2.0,24.4,23.7,32.4,33.8,19.4,5.0,25.2,113.4,113.4,234.4,121.0,33,lebron_james
2025-02-01,OKC vs. SAC,SAC,1628983,22400691,1,3.0,39.8,36.8,36.4,34.1,25.6,12.8,33.832,117.8,117.8,236.6,118.8,29,shai_gilgeous-alexander
2025-02-02,DET vs. CHI,CHI,1630595,22400695,1,2.0,31.6,28.8,35.6,35.7,25.6,5.2,32.688,115.5,115.5,225.3,109.8,22,cade_cunningham
2025-02-02,MIL vs. MEM,MEM,203507,22400699,1,2.0,34.0,32.2,34.8,34.3,22.0,11.8,29.792,118.9,118.9,243.3,124.4,30,giannis_antetokounmpo
2025-02-03,MIN vs. SAC,SAC,1630162,22400704,1,4.0,29.4,31.2,36.0,37.4,20.0,8.2,27.408,122.5,122.5,240.9,118.4,21,anthony_edwards
2025-02-03,DET vs. ATL,ATL,1630595,22400701,1,1.0,30.2,28.8,35.6,35.4,26.4,4.6,31.824,115.0,115.0,223.6,108.6,30,cade_cunningham
2025-02-03,NYK vs. HOU,HOU,1628973,22400702,1,2.0,21.8,28.2,35.2,36.4,16.6,4.6,21.024,112.7,112.7,227.8,115.1,42,jalen_brunson
2025-02-03,OKC vs. MIL,MIL,1628983,22400705,1,2.0,40.2,36.6,36.6,33.3,26.8,12.8,35.432,116.3,116.3,238.4,122.1,34,shai_gilgeous-alexander
2025-02-03,GSW vs. ORL,ORL,201939,22400708,1,3.0,16.6,20.1,32.2,33.0,15.2,2.4,18.456,113.5,113.5,212.7,99.2,24,stephen_curry
2025-02-04,NYK @ TOR,TOR,1628973,22400713,0,1.0,26.8,28.0,34.8,37.2,18.4,6.6,24.303999999999995,105.0,105.0,216.4,111.4,28,jalen_brunson
2025-02-04,LAL @ LAC,LAC,2544,22400715,0,3.0,27.0,25.2,33.6,34.3,20.6,5.4,27.176,107.6,107.6,221.6,114.0,26,lebron_james
2025-02-05,MIN vs. CHI,CHI,1630162,22400723,1,2.0,29.4,29.2,36.2,37.6,20.4,7.4,27.456,117.7,117.7,232.0,114.3,49,anthony_edwards
2025-02-05,DET vs. CLE,CLE,1630595,22400718,1,2.0,29.2,28.2,35.6,36.0,24.8,5.8,30.352,111.0,111.0,234.2,123.2,38,cade_cunningham
2025-02-05,OKC vs. PHX,PHX,1628983,22400724,1,2.0,36.2,36.1,33.6,32.6,23.6,9.8,30.912,113.8,113.8,229.3,115.5,50,shai_gilgeous-alexander
2025-02-05,GSW @ UTA,UTA,201939,22400725,0,2.0,18.6,20.8,32.2,32.8,17.2,3.8,21.072,121.2,121.2,233.3,112.1,32,stephen_curry
2025-02-06,MIN vs. HOU,HOU,1630162,22400729,1,1.0,32.4,31.3,37.0,37.2,21.4,10.2,30.088,111.0,111.0,222.1,111.1,41,anthony_edwards
2025-02-06,LAL vs. GSW,GSW,2544,22400731,1,2.0,27.2,25.6,32.8,33.6,18.2,7.2,25.568,115.8,115.8,228.8,113.0,42,lebron_james
2025-02-06,GSW @ LAL,LAL,201939,22400731,0,1.0,20.8,21.4,33.0,32.8,19.6,4.2,23.648,103.9,103.9,218.9,115.0,37,stephen_curry
2025-02-07,OKC vs. TOR,TOR,1628983,22400739,1,2.0,40.0,38.4,32.4,33.0,24.4,11.0,31.84,111.1,111.1,223.3,112.2,25,shai_gilgeous-alexander
2025-02-08,NYK vs. BOS,BOS,1628973,22400748,1,4.0,27.4,27.7,34.4,36.7,19.2,7.6,25.344,109.4,109.4,225.6,116.2,36,jalen_brunson
2025-02-08,OKC @ MEM,MEM,1628983,22400746,0,1.0,38.0,37.7,30.8,32.6,21.8,12.0,29.68,116.4,116.4,243.2,126.8,32,shai_gilgeous-alexander
2025-02-08,GSW @ CHI,CHI,201939,22400745,0,2.0,25.6,22.0,34.0,32.8,23.2,4.4,27.536,117.9,117.9,230.7,112.8,34,stephen_curry
2025-02-09,DET vs. CHA,CHA,1630595,22400752,1,4.0,32.4,30.0,36.6,35.9,25.4,7.6,31.544,111.3,111.3,218.4,107.1,19,cade_cunningham
2025-02-10,MIN @ CLE,CLE,1630162,22400755,0,4.0,36.0,31.8,37.6,37.2,22.4,10.6,31.464,114.0,114.0,238.2,124.2,44,anthony_edwards
2025-02-10,LAL vs. UTA,UTA,2544,22400768,1,4.0,31.2,26.9,33.2,33.9,19.8,8.2,27.208,122.9,122.9,236.4,113.5,24,lebron_james
2025-02-10,OKC vs. NOP,NOP,1628983,22400761,1,2.0,34.0,36.9,29.8,33.1,21.2,11.0,28.04,126.4,126.4,244.7,118.3,31,shai_gilgeous-alexander
2025-02-10,GSW @ MIL,MIL,201939,22400760,0,2.0,28.2,22.8,34.2,32.8,24.0,5.2,29.488,120.3,120.3,237.2,116.9,38,stephen_curry
2025-02-11,DET @ CHI,CHI,1630595,22400766,0,2.0,29.8,29.9,36.6,36.1,24.4,6.8,30.392,119.8,119.8,233.5,113.7,20,cade_cunningham
2025-02-11,NYK @ IND,IND,1628973,22400765,0,3.0,30.6,27.5,36.6,35.8,20.0,9.8,27.311999999999998,114.5,114.5,231.9,117.4,8,jalen_brunson
2025-02-12,MIN vs. MIL,MIL,1630162,22400776,1,2.0,38.2,33.4,37.0,36.8,24.0,11.4,33.416,123.2,123.2,238.7,115.5,28,anthony_edwards
2025-02-12,DET @ CHI,CHI,1630595,22400775,0,1.0,25.8,28.7,34.8,35.2,21.2,6.4,26.416,123.1,123.1,234.8,111.7,29,cade_cunningham
2025-02-12,NYK vs. ATL,ATL,1628973,22400773,1,1.0,26.2,25.7,34.0,34.5,19.0,8.4,25.896,116.9,116.9,230.2,113.3,36,jalen_brunson
2025-02-12,LAL @ UTA,UTA,2544,22400781,0,2.0,29.8,26.8,32.4,33.3,20.0,6.4,26.416,123.8,123.8,237.2,113.4,18,lebron_james
2025-02-12,OKC vs. MIA,MIA,1628983,22400778,1,2.0,34.4,37.3,30.0,33.3,21.2,10.6,27.264,112.5,112.5,217.3,104.8,32,shai_gilgeous-alexander
2025-02-12,GSW @ DAL,DAL,201939,22400782,0,2.0,33.0,24.8,34.8,33.5,26.0,6.4,32.016000000000005,121.4,121.4,239.9,118.5,25,stephen_curry
2025-02-13,MIN vs. OKC,OKC,1630162,22400787,1,1.0,36.6,33.0,37.4,36.7,27.0,11.0,36.040000000000006,108.3,108.3,233.2,124.9,23,anthony_edwards
2025-02-13,OKC @ MIN,MIN,1628983,22400787,0,1.0,34.0,35.1,33.2,33.4,21.8,11.8,27.992,109.0,109.0,224.2,115.2,24,shai_gilgeous-alexander
2025-02-13,GSW @ HOU,HOU,201939,22400784,0,1.0,33.2,25.9,35.4,33.8,26.4,5.6,32.264,110.2,110.2,218.0,107.8,27,stephen_curry
2025-02-19,LAL vs. CHA,CHA,2544,22400524,1,5.0,28.6,26.5,33.8,33.1,18.8,6.2,25.728,109.8,109.8,210.6,100.8,26,lebron_james
2025-02-20,MIL vs. LAC,LAC,203507,22400793,1,5.0,35.0,32.8,35.8,34.9,22.6,11.0,30.64,114.4,114.4,231.5,117.1,23,giannis_antetokounmpo
2025-02-20,NYK vs. CHI,CHI,1628973,22400792,1,5.0,30.0,25.9,34.6,34.9,19.6,9.0,26.16,122.8,122.8,234.9,112.1,22,jalen_brunson
2025-02-20,LAL @ POR,POR,2544,22400796,0,1.0,27.2,27.1,34.0,33.8,18.0,5.8,24.152,113.0,113.0,228.6,115.6,40,lebron_james
2025-02-21,MIN @ HOU,HOU,1630162,22400801,0,5.0,37.0,33.2,37.0,36.6,26.4,12.4,35.856,109.5,109.5,215.7,106.2,37,anthony_edwards
2025-02-21,DET @ SAS,SAS,1630595,22400802,0,5.0,27.2,28.7,35.0,35.3,20.4,8.2,26.808,117.9,117.9,235.8,117.9,25,cade_cunningham
2025-02-21,MIL @ WAS,WAS,203507,22400799,0,1.0,32.4,31.8,33.6,33.6,21.0,9.0,27.96,121.3,121.3,233.3,112.0,18,giannis_antetokounmpo
2025-02-21,NYK @ CLE,CLE,1628973,22400797,0,1.0,26.0,26.4,34.8,34.8,18.4,7.0,23.68,107.6,107.6,231.9,124.3,26,jalen_brunson
2025-02-21,OKC @ UTA,UTA,1628983,22400804,0,5.0,28.8,34.4,33.2,32.8,20.2,11.6,26.304,122.7,122.7,239.5,116.8,21,shai_gilgeous-alexander
2025-02-21,GSW @ SAC,SAC,201939,22400805,0,5.0,32.2,26.5,35.4,34.2,23.6,7.0,29.68,120.6,120.6,236.3,115.7,20,stephen_curry
2025-02-22,LAL @ DEN,DEN,2544,22400808,0,2.0,30.0,28.6,35.0,33.9,20.2,5.2,27.688,114.0,114.0,240.6,126.6,25,lebron_james
2025-02-23,MIN vs. OKC,OKC,1630162,22400820,1,2.0,34.6,33.5,37.4,37.2,27.2,10.8,35.552,107.7,107.7,232.4,124.7,29,anthony_edwards
2025-02-23,DET @ ATL,ATL,1630595,22400814,0,2.0,26.2,27.7,33.4,34.5,18.8,6.4,25.216,121.5,121.5,241.8,120.3,38,cade_cunningham
2025-02-23,MIL vs. MIA,MIA,203507,22400817,1,2.0,29.0,31.0,30.0,32.5,18.2,9.2,26.248,113.1,113.1,220.4,107.3,23,giannis_antetokounmpo
2025-02-23,NYK @ BOS,BOS,1628973,22400811,0,2.0,25.6,26.5,33.6,34.0,17.6,6.2,22.928,106.8,106.8,224.4,117.6,22,jalen_brunson
2025-02-23,OKC @ MIN,MIN,1628983,22400820,0,2.0,28.0,33.0,33.8,32.3,21.0,10.0,26.6,110.7,110.7,226.9,116.2,37,shai_gilgeous-alexander
2025-02-23,GSW vs. DAL,DAL,201939,22400812,1,2.0,28.8,27.2,34.2,34.1,19.2,6.4,24.416,119.2,119.2,235.9,116.7,30,stephen_curry
2025-02-24,MIN @ OKC,OKC,1630162,22400826,0,1.0,32.2,34.1,37.6,37.6,26.4,9.8,34.512,108.4,108.4,235.2,126.8,17,anthony_edwards
2025-02-24,DET vs. LAC,LAC,1630595,22400821,1,1.0,26.2,29.3,33.4,35.0,17.8,4.4,23.736,116.1,116.1,231.7,115.6,32,cade_cunningham
2025-02-24,OKC vs. MIN,MIN,1628983,22400826,1,1.0,29.0,31.5,34.6,32.2,20.6,9.0,26.76,112.4,112.4,227.1,114.7,39,shai_gilgeous-alexander
2025-02-25,MIL @ HOU,HOU,203507,22400831,0,2.0,25.8,29.8,29.2,32.2,17.0,7.2,23.968,111.8,111.8,219.7,107.9,27,giannis_antetokounmpo
2025-02-25,LAL vs. DAL,DAL,2544,22400835,1,3.0,26.6,28.9,34.0,33.6,19.0,3.8,25.472,118.2,118.2,231.4,113.2,27,lebron_james
2025-02-25,GSW vs. CHA,CHA,201939,22400834,1,2.0,28.0,28.1,33.2,33.7,19.4,5.4,23.776000000000003,116.0,116.0,216.1,100.1,15,stephen_curry
2025-02-26,DET vs. BOS,BOS,1630595,22400836,1,2.0,28.8,29.3,33.4,35.0,18.8,6.0,25.84,106.0,106.0,223.1,117.1,21,cade_cunningham
2025-02-26,NYK vs. PHI,PHI,1628973,22400838,1,3.0,22.8,26.7,34.0,35.3,17.8,3.6,22.384,117.9,117.9,226.3,108.4,34,jalen_brunson
2025-02-26,OKC @ BKN,BKN,1628983,22400840,0,2.0,30.6,32.5,36.8,33.4,20.6,10.8,28.152000000000005,98.8,98.8,200.3,101.5,27,shai_gilgeous-alexander
2025-02-27,MIN @ LAL,LAL,1630162,22400849,0,3.0,26.8,32.5,37.4,37.2,23.8,9.2,31.048,108.3,108.3,226.5,118.2,18,anthony_edwards
2025-02-27,MIL vs. DEN,DEN,203507,22400846,1,2.0,24.2,29.1,28.8,31.8,15.8,6.8,22.392000000000003,112.3,112.3,236.5,124.2,28,giannis_antetokounmpo
2025-02-27,LAL vs. MIN,MIN,2544,22400849,1,2.0,27.2,28.5,35.6,34.0,19.0,4.2,25.448,114.7,114.7,232.2,117.5,33,lebron_james
2025-02-27,GSW @ ORL,ORL,201939,22400845,0,2.0,23.4,28.2,31.2,33.0,17.4,3.8,21.072,106.1,106.1,211.0,104.9,56,stephen_curry
2025-02-28,DET vs. DEN,DEN,1630595,22400850,1,2.0,29.0,27.4,34.8,34.8,20.2,6.2,28.128000000000004,114.0,114.0,238.7,124.7,11,cade_cunningham
2025-02-28,NYK @ MEM,MEM,1628973,22400856,0,2.0,28.0,27.1,36.6,35.3,19.0,6.8,24.792,120.8,120.8,244.3,123.5,23,jalen_brunson
2025-02-28,LAL vs. LAC,LAC,2544,22400859,1,1.0,30.2,29.4,36.2,35.0,20.6,5.4,27.776,116.4,116.4,229.9,113.5,28,lebron_james
2025-02-28,OKC @ ATL,ATL,1628983,22400851,0,2.0,29.6,31.8,36.0,34.6,18.4,11.6,26.704,121.1,121.1,242.6,121.5,31,shai_gilgeous-alexander
2025-03-01,DET vs. BKN,BKN,1630595,22400861,1,1.0,25.4,26.3,33.4,34.2,18.8,5.2,25.688,105.7,105.7,208.1,102.4,15,cade_cunningham
2025-03-01,MIL @ DAL,DAL,203507,22400865,0,2.0,23.8,29.4,28.0,31.9,16.2,7.2,22.568,112.4,112.4,225.5,113.1,29,giannis_antetokounmpo
2025-03-01,GSW @ PHI,PHI,201939,22400864,0,2.0,29.6,31.4,30.6,33.0,17.8,5.4,22.176,117.1,117.1,225.0,107.9,29,stephen_curry
2025-03-02,MIN @ PHX,PHX,1630162,22400873,0,3.0,24.8,30.7,35.2,36.3,19.6,9.0,26.36,123.4,123.4,242.5,119.1,44,anthony_edwards
2025-03-02,NYK @ MIA,MIA,1628973,22400869,0,2.0,25.4,27.7,35.2,34.9,19.4,5.0,24.4,109.7,109.7,216.5,106.8,31,jalen_brunson
2025-03-02,LAL vs. LAC,LAC,2544,22400874,1,2.0,30.6,28.9,36.0,35.0,20.4,5.6,28.064,115.5,115.5,228.4,112.9,17,lebron_james
2025-03-02,OKC @ SAS,SAS,1628983,22400871,0,2.0,31.0,29.9,36.0,34.6,18.8,10.2,26.488,116.9,116.9,229.5,112.6,31,shai_gilgeous-alexander
2025-03-03,DET @ UTA,UTA,1630595,22400881,0,2.0,23.4,24.8,33.8,33.6,17.6,5.6,24.264000000000003,122.2,122.2,237.4,115.2,29,cade_cunningham
2025-03-03,OKC vs. HOU,HOU,1628983,22400879,1,1.0,33.0,30.5,36.0,34.9,19.4,10.8,26.752,110.1,110.1,218.8,108.7,51,shai_gilgeous-alexander
2025-03-03,GSW @ CHA,CHA,201939,22400875,0,2.0,30.0,31.1,30.8,33.1,18.0,4.4,22.336,115.2,115.2,210.8,95.6,21,stephen_curry
2025-03-04,MIN vs. PHI,PHI,1630162,22400887,1,2.0,29.0,33.0,35.2,36.1,20.4,9.6,27.224,118.5,118.5,227.3,108.8,18,anthony_edwards
2025-03-04,MIL @ ATL,ATL,203507,22400884,0,3.0,25.0,28.7,29.6,31.6,16.2,8.8,22.672,122.0,122.0,242.9,120.9,26,giannis_antetokounmpo
2025-03-04,NYK vs. GSW,GSW,1628973,22400885,1,2.0,27.2,26.6,36.0,35.4,20.2,5.0,25.4,107.5,107.5,228.9,121.4,25,jalen_brunson
2025-03-04,LAL vs. NOP,NOP,2544,22400890,1,2.0,26.0,28.0,36.0,35.5,19.0,4.8,25.712,118.4,118.4,234.0,115.6,34,lebron_james
2025-03-04,GSW @ NYK,NYK,201939,22400885,0,1.0,30.2,29.5,30.6,32.4,18.2,5.6,23.064,121.0,121.0,237.5,116.5,28,stephen_curry
2025-03-05,MIN @ CHA,CHA,1630162,22400892,0,1.0,25.2,29.9,33.4,35.4,16.2,9.0,22.56,115.9,115.9,211.4,95.5,29,anthony_edwards
2025-03-05,DET @ LAC,LAC,1630595,22400898,0,2.0,21.6,23.9,32.2,32.8,17.6,5.8,24.952,114.1,114.1,228.0,113.9,37,cade_cunningham
2025-03-05,MIL vs. DAL,DAL,203507,22400897,1,1.0,26.6,27.8,32.6,31.3,18.0,9.0,23.76,114.0,114.0,224.3,110.3,32,giannis_antetokounmpo
2025-03-05,OKC @ MEM,MEM,1628983,22400895,0,2.0,35.8,32.4,35.6,35.1,20.6,10.6,27.264,124.9,124.9,245.7,120.8,41,shai_gilgeous-alexander
2025-03-06,NYK @ LAL,LAL,1628973,22400903,0,2.0,27.0,26.3,37.8,35.7,20.4,5.6,26.064,106.6,106.6,221.5,114.9,39,jalen_brunson
2025-03-06,LAL vs. NYK,NYK,2544,22400903,1,2.0,27.8,27.2,36.0,35.0,18.8,6.0,26.640000000000004,120.9,120.9,235.5,114.6,31,lebron_james
2025-03-06,GSW @ BKN,BKN,201939,22400901,0,2.0,29.8,28.9,31.4,32.3,18.4,5.6,23.264,108.3,108.3,211.3,103.0,40,stephen_curry
2025-03-07,MIN @ MIA,MIA,1630162,22400907,0,2.0,25.2,28.7,33.2,35.4,16.0,8.6,21.184,110.9,110.9,222.3,111.4,13,anthony_edwards
2025-03-08,DET @ GSW,GSW,1630595,22400919,0,3.0,22.6,25.7,32.6,33.0,18.2,4.6,24.624,107.4,107.4,226.6,119.2,31,cade_cunningham
2025-03-08,MIL vs. ORL,ORL,203507,22400917,1,3.0,28.4,27.1,31.2,30.2,18.4,10.2,24.688,108.7,108.7,215.8,107.1,37,giannis_antetokounmpo
2025-03-08,LAL @ BOS,BOS,2544,22400918,0,2.0,28.6,27.9,37.4,36.5,20.0,6.8,27.192,106.4,106.4,221.0,114.6,22,lebron_james
2025-03-08,GSW vs. DET,DET,201939,22400919,1,2.0,34.8,29.1,33.8,32.5,19.6,7.2,25.768,110.6,110.6,234.5,123.9,32,stephen_curry
2025-03-09,MIN vs. SAS,SAS,1630162,22400925,1,2.0,24.4,25.6,33.8,35.6,15.0,7.4,19.256,120.5,120.5,234.1,113.6,25,anthony_edwards
2025-03-09,DET @ POR,POR,1630595,22400926,0,1.0,24.6,26.8,33.4,34.1,17.4,6.2,25.528,113.5,113.5,231.8,118.3,28,cade_cunningham
2025-03-09,MIL vs. CLE,CLE,203507,22400922,1,1.0,30.4,27.3,31.8,30.3,19.6,10.0,25.8,110.1,110.1,236.0,125.9,30,giannis_antetokounmpo
2025-03-09,OKC vs. DEN,DEN,1628983,22400920,1,4.0,36.2,33.4,34.2,35.5,21.6,9.2,27.648000000000003,119.3,119.3,243.9,124.6,40,shai_gilgeous-alexander
2025-03-10,OKC vs. DEN,DEN,1628983,22400936,1,1.0,38.8,34.2,34.4,35.2,25.8,8.2,31.008000000000003,120.3,120.3,240.6,120.3,25,shai_gilgeous-alexander
2025-03-10,GSW vs. POR,POR,201939,22400938,1,2.0,30.0,29.8,33.6,32.1,19.0,7.2,25.168,112.2,112.2,229.6,117.4,24,stephen_curry
2025-03-11,DET vs. WAS,WAS,1630595,22400941,1,2.0,28.0,26.7,35.0,34.2,18.4,7.0,28.08,114.0,114.0,223.9,109.9,27,cade_cunningham
2025-03-11,MIL @ IND,IND,203507,22400942,0,2.0,30.8,27.3,32.0,30.0,19.8,10.0,26.4,114.4,114.4,232.8,118.4,19,giannis_antetokounmpo
2025-03-12,MIN @ DEN,DEN,1630162,22400952,0,3.0,25.8,25.3,34.6,34.9,15.6,7.2,20.368,120.9,120.9,242.0,121.1,29,anthony_edwards
2025-03-12,OKC @ BOS,BOS,1628983,22400946,0,2.0,37.6,34.3,34.8,35.4,24.0,8.6,29.784,108.5,108.5,223.7,115.2,34,shai_gilgeous-alexander
2025-03-13,DET vs. WAS,WAS,1630595,22400954,1,2.0,30.4,26.9,35.0,34.4,21.2,6.8,30.392000000000003,112.9,112.9,220.1,107.2,38,cade_cunningham
2025-03-13,MIL vs. LAL,LAL,203507,22400955,1,2.0,28.8,26.9,32.4,31.0,19.8,8.0,26.12,105.3,105.3,217.6,112.3,24,giannis_antetokounmpo
2025-03-13,GSW vs. SAC,SAC,201939,22400957,1,3.0,29.0,29.5,33.2,32.0,18.2,7.8,24.832,113.1,113.1,230.6,117.5,11,stephen_curry
2025-03-14,MIN vs. ORL,ORL,1630162,22400963,1,2.0,22.8,25.9,34.4,34.8,15.6,5.4,19.976,108.0,108.0,213.7,105.7,28,anthony_edwards
2025-03-15,DET vs. OKC,OKC,1630595,22400969,1,2.0,32.2,26.9,36.6,34.4,21.4,10.2,31.688,117.8,117.8,245.2,127.4,11,cade_cunningham
2025-03-15,MIL vs. IND,IND,203507,22400972,1,2.0,28.4,27.5,31.6,32.1,19.6,8.2,26.008,113.4,113.4,228.9,115.5,34,giannis_antetokounmpo
2025-03-15,OKC @ DET,DET,1628983,22400969,0,3.0,38.2,35.6,36.2,36.1,24.2,9.0,31.160000000000004,111.0,111.0,229.3,118.3,48,shai_gilgeous-alexander
2025-03-15,GSW vs. NYK,NYK,201939,22400974,1,2.0,27.0,28.6,33.2,31.9,17.2,6.4,23.416,113.9,113.9,224.2,110.3,28,stephen_curry
2025-03-16,MIN vs. UTA,UTA,1630162,22400981,1,2.0,24.8,25.0,36.2,34.8,17.2,5.6,21.864,122.7,122.7,236.6,113.9,41,anthony_edwards
2025-03-16,MIL vs. OKC,OKC,203507,22400982,1,1.0,28.8,28.6,33.6,32.4,19.4,8.2,26.408,115.4,115.4,241.3,125.9,21,giannis_antetokounmpo
2025-03-16,OKC @ MIL,MIL,1628983,22400982,0,1.0,37.6,36.7,36.6,36.1,23.4,9.0,30.360000000000003,112.0,112.0,230.9,118.9,31,shai_gilgeous-alexander
2025-03-17,MIN vs. IND,IND,1630162,22400986,1,1.0,27.2,26.2,34.8,34.0,18.6,5.2,23.288,113.5,113.5,229.3,115.8,38,anthony_edwards
2025-03-17,DET @ NOP,NOP,1630595,22400987,0,2.0,27.0,24.8,34.6,33.6,20.0,9.2,29.448,121.2,121.2,234.0,112.8,24,cade_cunningham
2025-03-17,GSW vs. DEN,DEN,201939,22400990,1,2.0,27.0,28.4,33.6,32.5,17.0,7.6,23.944,122.2,122.2,242.8,120.6,20,stephen_curry
2025-03-18,MIL @ GSW,GSW,203507,22401012,0,2.0,25.6,28.0,33.8,32.8,17.8,8.4,24.896,110.5,110.5,227.6,117.1,20,giannis_antetokounmpo
2025-03-19,MIN vs. NOP,NOP,1630162,22401001,1,2.0,32.2,28.3,35.2,34.5,21.4,8.4,27.696,122.3,122.3,230.8,108.5,29,anthony_edwards
2025-03-19,DET @ MIA,MIA,1630595,22401000,0,2.0,25.6,25.1,33.0,33.2,19.8,8.0,27.72,110.6,110.6,212.7,102.1,25,cade_cunningham
2025-03-20,MIL @ LAL,LAL,203507,22400996,0,2.0,23.6,27.2,34.8,33.4,16.2,9.8,23.312,111.8,111.8,226.8,115.0,28,giannis_antetokounmpo
2025-03-20,GSW vs. TOR,TOR,201939,22401005,1,3.0,23.0,28.9,33.6,33.7,17.2,6.6,24.104,112.8,112.8,225.0,112.2,17,stephen_curry
2025-03-21,MIN vs. NOP,NOP,1630162,22401016,1,2.0,33.0,29.4,36.8,35.7,22.2,11.2,29.528,121.3,121.3,230.9,109.6,17,anthony_edwards
2025-03-21,DET @ DAL,DAL,1630595,22401019,0,2.0,25.0,26.5,33.0,34.0,21.4,6.2,27.928,129.1,129.1,244.1,115.0,35,cade_cunningham
2025-03-21,OKC vs. CHA,CHA,1628983,22401017,1,5.0,35.6,35.9,36.4,35.3,23.8,9.2,30.248,117.8,117.8,227.6,109.8,30,shai_gilgeous-alexander
2025-03-22,MIL @ SAC,SAC,203507,22401027,0,2.0,25.4,27.1,33.8,33.1,16.4,11.6,24.304,118.8,118.8,234.2,115.4,32,giannis_antetokounmpo
2025-03-22,LAL vs. CHI,CHI,2544,22401028,1,5.0,26.4,28.3,37.0,36.6,20.4,5.4,26.376,116.8,116.8,234.7,117.9,17,lebron_james
2025-03-23,OKC @ LAC,LAC,1628983,22401036,0,2.0,33.6,36.2,35.4,34.9,21.0,8.0,26.92,108.3,108.3,228.2,119.9,26,shai_gilgeous-alexander
2025-03-24,MIN @ IND,IND,1630162,22401037,0,3.0,30.6,26.7,35.0,34.7,20.4,10.6,27.464,116.8,116.8,233.3,116.5,17,anthony_edwards
2025-03-24,MIL @ PHX,PHX,203507,22401043,0,2.0,27.0,27.7,34.8,33.2,17.0,11.6,24.704,114.8,114.8,235.2,120.4,31,giannis_antetokounmpo
2025-03-24,LAL @ ORL,ORL,2544,22401038,0,2.0,24.2,27.4,35.8,35.9,19.4,5.8,25.752,108.4,108.4,217.7,109.3,24,lebron_james
2025-03-25,OKC @ SAC,SAC,1628983,22401052,0,2.0,33.8,35.7,35.6,35.2,24.0,9.0,29.96,120.1,120.1,232.6,112.5,32,shai_gilgeous-alexander
2025-03-26,LAL @ IND,IND,2544,22401055,0,2.0,25.6,25.8,36.2,36.1,19.6,6.4,25.016,114.7,114.7,231.3,116.6,13,lebron_james
2025-03-27,LAL @ CHI,CHI,2544,22401063,0,1.0,21.4,24.6,37.2,36.6,18.4,5.6,22.864,113.6,113.6,236.1,122.5,17,lebron_james
2025-03-27,OKC vs. MEM,MEM,1628983,22401064,1,2.0,33.4,35.8,34.4,35.3,24.6,8.8,30.472,115.0,115.0,233.9,118.9,37,shai_gilgeous-alexander
2025-03-28,MIN vs. PHX,PHX,1630162,22401071,1,4.0,28.4,26.6,34.0,35.1,20.4,9.6,27.024,112.0,112.0,227.4,115.4,20,anthony_edwards
2025-03-28,MIL vs. NYK,NYK,203507,22401070,1,4.0,26.4,27.6,35.2,34.4,17.0,13.0,24.52,109.1,109.1,220.9,111.8,30,giannis_antetokounmpo
2025-03-28,GSW @ NOP,NOP,201939,22401072,0,5.0,20.0,25.0,32.0,32.8,14.4,5.2,20.488,121.6,121.6,230.7,109.1,23,stephen_curry
2025-03-29,LAL @ MEM,MEM,2544,22401078,0,2.0,18.6,23.6,36.2,36.8,17.8,4.4,22.336,116.4,116.4,233.5,117.1,25,lebron_james
2025-03-29,OKC vs. IND,IND,1628983,22401079,1,2.0,31.2,34.4,33.6,35.1,24.4,8.6,29.784,113.5,113.5,236.1,122.6,33,shai_gilgeous-alexander
2025-03-30,MIN vs. DET,DET,1630162,22401084,1,2.0,24.2,25.7,33.4,34.1,18.8,8.4,25.096,112.2,112.2,234.7,122.5,25,anthony_edwards
2025-03-30,MIL vs. ATL,ATL,203507,22401083,1,2.0,28.2,26.9,35.0,34.4,17.4,12.8,25.032,117.3,117.3,237.6,120.3,31,giannis_antetokounmpo
2025-03-30,GSW @ SAS,SAS,201939,22401086,0,2.0,19.8,24.4,32.0,32.6,15.8,4.8,21.112,118.2,118.2,236.4,118.2,13,stephen_curry
2025-03-31,LAL vs. HOU,HOU,2544,22401096,1,2.0,19.2,22.8,36.6,36.8,17.4,4.6,22.424,110.6,110.6,233.0,122.4,16,lebron_james
2025-03-31,OKC vs. CHI,CHI,1628983,22401094,1,2.0,31.6,33.6,33.0,34.7,23.6,8.8,28.872000000000003,114.1,114.1,236.5,122.4,27,shai_gilgeous-alexander
2025-04-01,MIN @ DEN,DEN,1630162,22401102,0,2.0,21.6,26.9,32.4,33.8,17.8,5.2,22.888,117.0,117.0,234.1,117.1,34,anthony_edwards
2025-04-01,MIL vs. PHX,PHX,203507,22401101,1,2.0,30.4,27.0,33.2,34.0,17.8,12.6,26.144,115.6,115.6,228.5,112.9,37,giannis_antetokounmpo
2025-04-01,GSW @ MEM,MEM,201939,22401100,0,2.0,20.2,23.6,31.2,32.2,16.0,5.2,21.088,119.3,119.3,236.7,117.4,52,stephen_curry
2025-04-02,OKC vs. DET,DET,1628983,22401108,1,2.0,31.0,32.3,32.4,33.9,22.8,9.8,28.712,113.3,113.3,234.3,121.0,33,shai_gilgeous-alexander
2025-04-03,MIN @ BKN,BKN,1630162,22401113,0,2.0,22.6,27.8,34.8,35.8,19.0,3.2,23.808,113.5,113.5,218.3,104.8,28,anthony_edwards
2025-04-03,MIL @ PHI,PHI,203507,22401115,0,2.0,32.2,28.8,34.6,34.2,18.4,12.6,26.544,124.3,124.3,235.7,111.4,35,giannis_antetokounmpo
2025-04-03,LAL vs. GSW,GSW,2544,22401117,1,3.0,19.0,21.6,38.0,36.9,16.6,4.4,21.136,108.1,108.1,222.8,114.7,33,lebron_james
2025-04-03,GSW @ LAL,LAL,201939,22401117,0,2.0,25.0,26.0,31.6,32.6,18.2,5.0,23.0,115.8,115.8,229.5,113.7,37,stephen_curry
2025-04-04,LAL vs. NOP,NOP,2544,22401126,1,1.0,20.8,23.2,38.4,37.3,16.0,4.8,21.112,116.2,116.2,219.6,103.4,27,lebron_james
2025-04-04,OKC @ HOU,HOU,1628983,22401123,0,2.0,32.4,33.1,32.0,33.8,22.2,10.0,28.2,111.5,111.5,233.6,122.1,22,shai_gilgeous-alexander
2025-04-04,GSW vs. DEN,DEN,201939,22401125,1,1.0,28.4,25.7,31.2,32.4,18.2,7.0,22.880000000000003,118.2,118.2,237.2,119.0,36,stephen_curry
2025-04-05,MIN @ PHI,PHI,1630162,22401130,0,2.0,24.8,27.7,36.0,35.5,19.4,3.8,24.272,124.4,124.4,234.1,109.7,37,anthony_edwards
2025-04-05,DET vs. MEM,MEM,1630595,22401129,1,5.0,26.6,28.5,34.2,34.6,22.8,6.2,29.128,118.7,118.7,235.0,116.3,25,cade_cunningham
2025-04-05,MIL @ MIA,MIA,203507,22401131,0,2.0,32.8,29.9,35.4,35.1,18.2,12.2,26.168,103.9,103.9,217.1,113.2,36,giannis_antetokounmpo
2025-04-06,NYK vs. PHX,PHX,1628973,22401140,1,5.0,30.4,26.6,38.4,36.2,21.8,8.2,28.408,119.5,119.5,232.4,112.9,15,jalen_brunson
2025-04-06,LAL @ OKC,OKC,2544,22401135,0,2.0,23.6,22.5,37.4,37.3,17.0,5.4,22.376,107.7,107.7,232.8,125.1,19,lebron_james
2025-04-06,OKC vs. LAL,LAL,1628983,22401135,1,2.0,30.4,31.9,32.4,33.4,22.0,8.4,26.896,118.4,118.4,232.9,114.5,26,shai_gilgeous-alexander
2025-04-06,GSW vs. HOU,HOU,201939,22401143,1,2.0,32.2,26.1,32.6,32.3,21.4,6.6,25.704,111.2,111.2,234.1,122.9,3,stephen_curry
2025-04-07,DET vs. SAC,SAC,1630595,22401144,1,2.0,24.0,28.1,32.2,34.4,22.6,3.4,27.296000000000003,114.6,114.6,225.4,110.8,35,cade_cunningham
2025-04-08,MIN @ MIL,MIL,1630162,22401152,0,3.0,28.8,28.6,36.8,35.4,19.8,4.8,24.912,115.1,115.1,232.8,117.7,25,anthony_edwards
2025-04-08,MIL vs. MIN,MIN,203507,22401152,1,3.0,33.8,30.1,36.6,35.9,18.6,12.4,26.856,111.6,111.6,233.2,121.6,23,giannis_antetokounmpo
2025-04-08,NYK vs. BOS,BOS,1628973,22401151,1,2.0,26.6,27.3,38.0,37.3,20.2,7.0,26.48,103.9,103.9,222.6,118.7,27,jalen_brunson
2025-04-08,LAL @ OKC,OKC,2544,22401153,0,2.0,24.0,21.3,36.4,36.3,16.2,5.0,21.0,109.8,109.8,232.7,122.9,28,lebron_james
2025-04-08,OKC vs. LAL,LAL,1628983,22401153,1,2.0,28.2,29.7,31.6,32.6,21.6,6.6,25.904000000000003,117.5,117.5,232.6,115.1,42,shai_gilgeous-alexander
2025-04-08,GSW @ PHX,PHX,201939,22401154,0,2.0,28.2,24.0,32.4,32.2,19.2,5.6,23.664,120.0,120.0,233.1,113.1,25,stephen_curry
2025-04-09,LAL @ DAL,DAL,2544,22401159,0,1.0,24.6,21.9,36.0,36.3,15.8,6.2,21.728,117.2,117.2,230.4,113.2,27,lebron_james
2025-04-09,GSW vs. SAS,SAS,201939,22401163,1,1.0,30.6,25.4,32.4,31.8,20.6,5.8,25.552000000000003,118.2,118.2,229.1,110.9,30,stephen_curry
2025-04-10,MIN @ MEM,MEM,1630162,22401170,0,2.0,29.8,27.0,39.0,36.2,21.4,5.4,26.776,116.7,116.7,231.6,114.9,44,anthony_edwards
2025-04-10,DET vs. NYK,NYK,1630595,22401167,1,3.0,28.8,27.9,33.0,33.8,23.2,5.4,28.976,107.9,107.9,222.8,114.9,36,cade_cunningham
2025-04-10,MIL vs. NOP,NOP,203507,22401161,1,2.0,32.4,30.3,37.2,36.1,18.2,12.4,26.056,115.7,115.7,223.1,107.4,28,giannis_antetokounmpo
2025-04-10,NYK @ DET,DET,1628973,22401167,0,2.0,27.4,26.4,38.4,36.8,19.8,7.2,25.968,116.7,116.7,233.5,116.8,15,jalen_brunson
2025-04-11,MIN vs. BKN,BKN,1630162,22401179,1,1.0,33.6,27.6,39.4,35.9,21.4,7.2,27.768,116.9,116.9,221.4,104.5,9,anthony_edwards
2025-04-11,DET vs. MIL,MIL,1630595,22401171,1,1.0,31.2,28.4,34.0,33.5,24.8,5.4,30.576,116.8,116.8,235.9,119.1,36,cade_cunningham
2025-04-11,MIL @ DET,DET,203507,22401171,0,1.0,31.8,31.1,36.4,34.8,18.0,11.6,24.504,116.0,116.0,232.7,116.7,32,giannis_antetokounmpo
2025-04-11,NYK vs. CLE,CLE,1628973,22401175,1,1.0,24.2,25.7,35.8,35.9,17.8,7.4,24.056,113.8,113.8,235.1,121.3,27,jalen_brunson
2025-04-11,LAL vs. HOU,HOU,2544,22401185,1,2.0,26.8,22.9,35.6,36.8,17.4,6.6,23.304,109.7,109.7,228.9,119.2,14,lebron_james
2025-04-11,GSW @ POR,POR,201939,22401183,0,2.0,26.2,25.6,32.4,32.0,19.2,4.4,23.336,117.4,117.4,232.7,115.3,14,stephen_curry
2025-04-13,MIN vs. UTA,UTA,1630162,22401195,1,2.0,28.6,25.6,35.6,35.2,18.6,5.8,23.352,132.1,132.1,241.9,109.8,43,anthony_edwards
2025-04-13,GSW vs. LAC,LAC,201939,22401198,1,2.0,21.6,25.0,31.0,31.1,17.8,1.6,20.504,105.4,105.4,225.0,119.6,36,stephen_curry
