TEAM_ABBREVIATION,GAME_DATE,pts_allowed_avg_10,pace_proxy_avg_10,star_pts_allowed_avg_10
ATL,2024-11-09,121.3,237.7,116.4
ATL,2024-11-12,122.2,237.9,115.7
ATL,2024-11-15,121.8,236.7,114.9
ATL,2024-11-17,120.7,238.1,117.4
ATL,2024-11-18,120.0,236.5,116.5
ATL,2024-11-20,117.5,232.9,115.4
ATL,2024-11-22,117.2,230.8,113.6
ATL,2024-11-25,119.7,232.9,113.2
ATL,2024-11-27,120.3,236.1,115.8
ATL,2024-11-29,121.1,238.3,117.2
ATL,2024-11-30,119.0,235.8,116.8
ATL,2024-12-02,116.9,233.1,116.2
ATL,2024-12-04,116.5,233.4,116.9
ATL,2024-12-06,115.2,231.1,115.9
ATL,2024-12-08,117.0,235.3,118.3
ATL,2024-12-11,120.3,238.8,118.5
ATL,2024-12-14,118.3,237.9,119.6
ATL,2024-12-19,115.7,233.3,117.6
ATL,2024-12-21,116.1,234.4,118.3
ATL,2024-12-23,116.5,232.5,116.0
ATL,2024-12-26,116.8,232.8,116.0
ATL,2024-12-28,119.7,239.1,119.4
ATL,2024-12-29,119.5,238.5,119.0
ATL,2025-01-01,119.8,240.5,120.7
ATL,2025-01-03,120.5,239.8,119.3
ATL,2025-01-04,118.3,236.7,118.4
ATL,2025-01-07,121.4,239.5,118.1
ATL,2025-01-09,122.5,242.8,120.3
ATL,2025-01-14,121.5,240.7,119.2
ATL,2025-01-15,120.4,240.6,120.2
ATL,2025-01-18,119.4,238.9,119.5
ATL,2025-01-20,117.6,234.9,117.3
ATL,2025-01-22,118.5,234.8,116.3
ATL,2025-01-23,119.2,232.3,113.1
ATL,2025-01-25,117.5,230.5,113.0
ATL,2025-01-27,117.3,229.5,112.2
ATL,2025-01-28,114.2,225.1,110.9
ATL,2025-01-30,112.1,220.2,108.1
ATL,2025-02-01,113.5,221.6,108.1
ATL,2025-02-03,115.0,223.6,108.6
ATL,2025-02-05,118.6,229.4,110.8
ATL,2025-02-07,119.7,231.1,111.4
ATL,2025-02-08,118.8,230.7,111.9
ATL,2025-02-10,118.5,232.5,114.0
ATL,2025-02-12,116.9,230.2,113.3
ATL,2025-02-20,120.1,238.8,118.7
ATL,2025-02-23,121.5,241.8,120.3
ATL,2025-02-24,126.3,251.3,125.0
ATL,2025-02-26,121.2,244.5,123.3
ATL,2025-02-28,121.1,242.6,121.5
ATL,2025-03-03,121.6,241.8,120.2
ATL,2025-03-04,122.0,242.9,120.9
ATL,2025-03-06,123.7,245.2,121.5
ATL,2025-03-08,124.4,245.8,121.4
ATL,2025-03-10,125.6,247.8,122.2
ATL,2025-03-12,123.0,243.6,120.6
ATL,2025-03-14,122.6,244.7,122.1
ATL,2025-03-16,119.9,237.5,117.6
ATL,2025-03-18,123.5,242.7,119.2
ATL,2025-03-22,120.6,242.3,121.7
ATL,2025-03-23,118.6,240.8,122.2
ATL,2025-03-25,117.5,239.7,122.2
ATL,2025-03-27,116.9,238.4,121.5
ATL,2025-03-30,117.3,237.6,120.3
ATL,2025-04-01,117.9,240.7,122.8
ATL,2025-04-02,118.3,239.2,120.9
ATL,2025-04-05,119.3,239.7,120.4
ATL,2025-04-06,119.3,240.4,121.1
ATL,2025-04-08,120.5,244.9,124.4
ATL,2025-04-10,122.2,244.4,122.2
ATL,2025-04-11,121.6,244.7,123.1
ATL,2025-04-13,120.7,243.0,122.3
BKN,2024-11-11,112.3,223.5,111.2
BKN,2024-11-13,110.8,221.1,110.3
BKN,2024-11-15,113.1,224.7,111.6
BKN,2024-11-17,115.3,227.6,112.3
BKN,2024-11-19,112.3,221.1,108.8
BKN,2024-11-22,113.2,221.7,108.5
BKN,2024-11-24,113.3,219.6,106.3
BKN,2024-11-25,113.0,220.9,107.9
BKN,2024-11-27,114.6,224.7,110.1
BKN,2024-11-29,115.5,227.9,112.4
BKN,2024-12-01,117.3,229.7,112.4
BKN,2024-12-02,116.8,227.7,110.9
BKN,2024-12-04,115.7,225.4,109.7
BKN,2024-12-08,112.3,219.7,107.4
BKN,2024-12-13,112.7,221.0,108.3
BKN,2024-12-16,114.7,223.3,108.6
BKN,2024-12-19,116.4,225.3,108.9
BKN,2024-12-21,115.5,223.7,108.2
BKN,2024-12-23,114.0,218.8,104.8
BKN,2024-12-26,113.3,214.9,101.6
BKN,2024-12-27,111.5,214.2,102.7
BKN,2024-12-29,111.1,213.3,102.2
BKN,2025-01-01,108.5,210.6,102.1
BKN,2025-01-02,112.5,216.0,103.5
BKN,2025-01-04,111.7,215.2,103.5
BKN,2025-01-06,110.5,211.5,101.0
BKN,2025-01-08,108.8,209.6,100.8
BKN,2025-01-10,110.7,211.2,100.5
BKN,2025-01-12,112.6,214.2,101.6
BKN,2025-01-14,112.8,216.0,103.2
BKN,2025-01-15,113.7,219.0,105.3
BKN,2025-01-17,116.7,220.0,103.3
BKN,2025-01-19,116.7,220.0,103.3
BKN,2025-01-21,116.4,218.5,102.1
BKN,2025-01-22,115.3,215.6,100.3
BKN,2025-01-25,113.8,213.1,99.3
BKN,2025-01-27,113.1,212.2,99.1
BKN,2025-01-29,112.8,211.7,98.9
BKN,2025-02-01,108.7,207.5,98.8
BKN,2025-02-04,107.3,206.0,98.7
BKN,2025-02-05,105.6,201.0,95.4
BKN,2025-02-07,104.9,203.8,98.9
BKN,2025-02-10,103.3,202.3,99.0
BKN,2025-02-12,99.5,198.1,98.6
BKN,2025-02-20,99.2,198.3,99.1
BKN,2025-02-22,99.4,199.8,100.4
BKN,2025-02-24,99.1,200.3,101.2
BKN,2025-02-26,98.8,200.3,101.5
BKN,2025-02-28,103.4,206.6,103.2
BKN,2025-03-01,105.7,208.1,102.4
BKN,2025-03-04,107.5,209.4,101.9
BKN,2025-03-06,108.3,211.3,103.0
BKN,2025-03-08,111.8,216.5,104.7
BKN,2025-03-10,113.4,218.6,105.2
BKN,2025-03-11,114.6,220.9,106.3
BKN,2025-03-13,114.5,221.5,107.0
BKN,2025-03-15,115.8,223.3,107.5
BKN,2025-03-16,116.6,225.5,108.9
BKN,2025-03-18,115.1,224.1,109.0
BKN,2025-03-20,113.4,221.8,108.4
BKN,2025-03-22,112.4,221.3,108.9
BKN,2025-03-24,110.5,218.4,107.9
BKN,2025-03-26,110.4,216.5,106.1
BKN,2025-03-28,111.5,216.0,104.5
BKN,2025-03-29,113.9,217.3,103.4
BKN,2025-03-31,114.2,218.7,104.5
BKN,2025-04-03,113.5,218.3,104.8
BKN,2025-04-06,112.5,215.0,102.5
BKN,2025-04-08,113.1,214.3,101.2
BKN,2025-04-10,114.1,217.6,103.5
BKN,2025-04-11,116.9,221.4,104.5
BKN,2025-04-13,117.8,221.1,103.3
BOS,2024-11-10,109.9,230.8,120.9
BOS,2024-11-12,109.7,228.7,119.0
BOS,2024-11-13,111.2,229.6,118.4
BOS,2024-11-16,110.8,230.7,119.9
BOS,2024-11-19,112.3,232.9,120.6
BOS,2024-11-22,110.5,229.9,119.4
BOS,2024-11-24,109.2,227.0,117.8
BOS,2024-11-25,109.4,226.6,117.2
BOS,2024-11-29,109.5,227.0,117.5
BOS,2024-12-01,110.6,230.7,120.1
BOS,2024-12-02,111.7,232.1,120.4
BOS,2024-12-04,109.9,229.8,119.9
BOS,2024-12-06,110.2,231.5,121.3
BOS,2024-12-07,109.3,227.8,118.5
BOS,2024-12-12,109.7,227.7,118.0
BOS,2024-12-15,107.9,226.2,118.3
BOS,2024-12-19,108.1,226.8,118.7
BOS,2024-12-21,109.3,228.1,118.8
BOS,2024-12-23,109.7,228.2,118.5
BOS,2024-12-25,107.6,222.7,115.1
BOS,2024-12-27,107.9,223.3,115.4
BOS,2024-12-29,109.5,228.3,118.8
BOS,2024-12-31,109.8,227.0,117.2
BOS,2025-01-02,106.4,225.0,118.6
BOS,2025-01-03,105.2,223.5,118.3
BOS,2025-01-05,103.9,220.8,116.9
BOS,2025-01-07,104.6,219.5,114.9
BOS,2025-01-10,103.5,219.4,115.9
BOS,2025-01-12,105.1,218.4,113.3
BOS,2025-01-15,106.2,221.1,114.9
BOS,2025-01-17,105.4,218.6,113.2
BOS,2025-01-18,104.3,215.4,111.1
BOS,2025-01-20,103.9,215.1,111.2
BOS,2025-01-22,105.3,216.5,111.2
BOS,2025-01-23,105.1,216.2,111.1
BOS,2025-01-25,108.2,218.0,109.8
BOS,2025-01-27,108.4,221.2,112.8
BOS,2025-01-29,109.2,221.4,112.2
BOS,2025-01-31,107.8,222.5,114.7
BOS,2025-02-02,107.5,222.0,114.5
BOS,2025-02-04,107.5,224.1,116.6
BOS,2025-02-06,108.6,224.3,115.7
BOS,2025-02-08,109.4,225.6,116.2
BOS,2025-02-10,111.3,228.1,116.8
BOS,2025-02-12,108.5,223.9,115.4
BOS,2025-02-20,107.1,224.5,117.4
BOS,2025-02-23,106.8,224.4,117.6
BOS,2025-02-25,105.9,224.1,118.2
BOS,2025-02-26,106.0,223.1,117.1
BOS,2025-02-28,106.1,221.1,115.0
BOS,2025-03-02,107.4,222.2,114.8
BOS,2025-03-05,107.2,221.8,114.6
BOS,2025-03-06,106.3,221.7,115.4
BOS,2025-03-08,106.4,221.0,114.6
BOS,2025-03-10,108.0,223.4,115.4
BOS,2025-03-12,108.5,223.7,115.2
BOS,2025-03-14,109.9,223.9,114.0
BOS,2025-03-15,108.5,221.0,112.5
BOS,2025-03-18,109.7,222.6,112.9
BOS,2025-03-21,107.6,221.2,113.6
BOS,2025-03-23,105.2,219.3,114.1
BOS,2025-03-24,106.5,222.5,116.0
BOS,2025-03-26,104.2,218.7,114.5
BOS,2025-03-29,103.9,219.3,115.4
BOS,2025-03-31,104.9,221.3,116.4
BOS,2025-04-02,104.4,221.1,116.7
BOS,2025-04-04,105.0,220.8,115.8
BOS,2025-04-06,106.2,224.0,117.8
BOS,2025-04-08,103.9,222.6,118.7
BOS,2025-04-09,106.0,226.2,120.2
BOS,2025-04-11,105.7,221.4,115.7
BOS,2025-04-13,103.5,219.3,115.8
CHA,2024-11-12,112.5,222.0,109.5
CHA,2024-11-16,113.4,220.8,107.4
CHA,2024-11-17,112.3,219.2,106.9
CHA,2024-11-19,113.7,221.4,107.7
CHA,2024-11-21,112.0,217.4,105.4
CHA,2024-11-23,111.7,218.5,106.8
CHA,2024-11-25,112.9,221.3,108.4
CHA,2024-11-27,111.0,218.5,107.5
CHA,2024-11-29,110.1,216.2,106.1
CHA,2024-11-30,111.7,217.3,105.6
CHA,2024-12-03,111.7,217.2,105.5
CHA,2024-12-05,111.3,218.3,107.0
CHA,2024-12-07,112.4,218.0,105.6
CHA,2024-12-08,111.2,215.6,104.4
CHA,2024-12-13,110.5,214.7,104.2
CHA,2024-12-16,109.3,210.7,101.4
CHA,2024-12-19,108.9,209.2,100.3
CHA,2024-12-20,111.7,215.0,103.3
CHA,2024-12-23,112.7,216.4,103.7
CHA,2024-12-26,114.2,218.2,104.0
CHA,2024-12-28,114.8,219.4,104.6
CHA,2024-12-30,114.4,218.0,103.6
CHA,2025-01-03,113.4,217.7,104.3
CHA,2025-01-05,111.6,215.1,103.5
CHA,2025-01-07,112.2,214.9,102.7
CHA,2025-01-12,111.7,216.4,104.7
CHA,2025-01-15,111.6,216.8,105.2
CHA,2025-01-17,110.5,216.0,105.5
CHA,2025-01-20,112.0,220.2,108.2
CHA,2025-01-22,111.1,220.2,109.1
CHA,2025-01-24,113.0,223.1,110.1
CHA,2025-01-25,112.6,223.0,110.4
CHA,2025-01-27,110.3,222.2,111.9
CHA,2025-01-29,111.7,224.9,113.2
CHA,2025-01-31,110.6,221.6,111.0
CHA,2025-02-01,111.4,221.3,109.9
CHA,2025-02-03,110.1,219.1,109.0
CHA,2025-02-05,111.3,220.0,108.7
CHA,2025-02-07,110.2,216.6,106.4
CHA,2025-02-09,111.3,218.4,107.1
CHA,2025-02-10,109.3,214.6,105.3
CHA,2025-02-12,108.8,213.3,104.5
CHA,2025-02-19,109.8,210.6,100.8
CHA,2025-02-20,108.3,208.4,100.1
CHA,2025-02-22,110.8,214.1,103.3
CHA,2025-02-24,113.7,215.4,101.7
CHA,2025-02-25,116.0,216.1,100.1
CHA,2025-02-27,116.4,214.3,97.9
CHA,2025-03-01,115.5,212.8,97.3
CHA,2025-03-03,115.2,210.8,95.6
CHA,2025-03-05,115.9,211.4,95.5
CHA,2025-03-07,118.7,216.3,97.6
CHA,2025-03-08,120.3,221.0,100.7
CHA,2025-03-10,120.8,222.0,101.2
CHA,2025-03-12,118.1,218.3,100.2
CHA,2025-03-14,116.3,218.7,102.4
CHA,2025-03-16,116.7,224.8,108.1
CHA,2025-03-18,116.2,223.9,107.7
CHA,2025-03-20,119.3,227.6,108.3
CHA,2025-03-21,117.8,227.6,109.8
CHA,2025-03-23,120.0,230.3,110.3
CHA,2025-03-25,119.7,229.5,109.8
CHA,2025-03-28,119.0,227.5,108.5
CHA,2025-03-30,119.6,227.3,107.7
CHA,2025-03-31,119.2,225.8,106.6
CHA,2025-04-02,117.5,224.1,106.6
CHA,2025-04-04,116.0,218.6,102.6
CHA,2025-04-06,116.2,220.2,104.0
CHA,2025-04-08,115.9,221.4,105.5
CHA,2025-04-09,118.5,222.5,104.0
CHA,2025-04-11,117.0,220.0,103.0
CHA,2025-04-13,117.8,219.7,101.9
CHI,2024-11-11,120.3,235.1,114.8
CHI,2024-11-13,119.9,234.9,115.0
CHI,2024-11-15,120.0,234.1,114.1
CHI,2024-11-17,123.0,240.2,117.2
CHI,2024-11-18,125.0,240.3,115.3
CHI,2024-11-20,126.3,243.6,117.3
CHI,2024-11-22,126.5,243.2,116.7
CHI,2024-11-23,125.2,242.9,117.7
CHI,2024-11-26,127.5,248.4,120.9
CHI,2024-11-27,124.8,246.5,121.7
CHI,2024-11-29,126.8,247.9,121.1
CHI,2024-12-02,128.7,251.4,122.7
CHI,2024-12-05,126.6,249.7,123.1
CHI,2024-12-06,124.6,249.0,124.4
CHI,2024-12-08,123.5,249.5,126.0
CHI,2024-12-13,123.1,246.9,123.8
CHI,2024-12-16,120.4,244.5,124.1
CHI,2024-12-19,120.3,243.0,122.7
CHI,2024-12-21,116.9,238.2,121.3
CHI,2024-12-23,118.4,236.8,118.4
CHI,2024-12-26,116.3,231.9,115.6
CHI,2024-12-28,116.6,232.6,116.0
CHI,2024-12-30,117.5,232.3,114.8
CHI,2025-01-01,115.9,228.3,112.4
CHI,2025-01-04,115.2,226.0,110.8
CHI,2025-01-06,117.0,231.7,114.7
CHI,2025-01-08,118.5,233.7,115.2
CHI,2025-01-10,119.3,233.6,114.3
CHI,2025-01-12,119.0,235.4,116.4
CHI,2025-01-14,119.1,237.6,118.5
CHI,2025-01-15,119.8,240.5,120.7
CHI,2025-01-17,116.7,233.5,116.8
CHI,2025-01-19,118.1,235.6,117.5
CHI,2025-01-20,118.6,234.8,116.2
CHI,2025-01-23,116.0,232.7,116.7
CHI,2025-01-25,116.5,229.9,113.4
CHI,2025-01-27,116.4,228.1,111.7
CHI,2025-01-29,115.6,228.9,113.3
CHI,2025-01-31,117.3,226.8,109.5
CHI,2025-02-02,115.5,225.3,109.8
CHI,2025-02-04,116.3,226.7,110.4
CHI,2025-02-05,117.7,232.0,114.3
CHI,2025-02-08,117.9,230.7,112.8
CHI,2025-02-11,119.8,233.5,113.7
CHI,2025-02-12,123.1,234.8,111.7
CHI,2025-02-20,122.8,234.9,112.1
CHI,2025-02-22,123.2,236.7,113.5
CHI,2025-02-24,123.2,235.5,112.3
CHI,2025-02-26,122.0,238.5,116.5
CHI,2025-02-28,123.6,239.6,116.0
CHI,2025-03-02,122.4,239.0,116.6
CHI,2025-03-04,122.7,237.2,114.5
CHI,2025-03-06,123.9,239.3,115.4
CHI,2025-03-08,123.0,239.8,116.8
CHI,2025-03-10,120.7,239.7,119.0
CHI,2025-03-13,118.2,238.3,120.1
CHI,2025-03-15,117.9,238.5,120.6
CHI,2025-03-17,117.5,237.8,120.3
CHI,2025-03-19,116.2,233.4,117.2
CHI,2025-03-20,116.7,234.3,117.6
CHI,2025-03-22,116.8,234.7,117.9
CHI,2025-03-24,115.6,236.9,121.3
CHI,2025-03-27,113.6,236.1,122.5
CHI,2025-03-29,113.0,234.9,121.9
CHI,2025-03-31,114.1,236.5,122.4
CHI,2025-04-01,118.3,240.3,122.0
CHI,2025-04-04,119.1,243.2,124.1
CHI,2025-04-06,118.7,243.2,124.5
CHI,2025-04-08,120.7,247.2,126.5
CHI,2025-04-09,121.5,247.2,125.7
CHI,2025-04-11,121.0,245.8,124.8
CHI,2025-04-13,118.4,240.5,122.1
CLE,2024-11-09,111.2,235.7,124.5
CLE,2024-11-11,110.6,232.0,121.4
CLE,2024-11-13,111.8,233.8,122.0
CLE,2024-11-15,110.8,230.7,119.9
CLE,2024-11-17,113.0,236.3,123.3
CLE,2024-11-19,113.4,236.1,122.7
CLE,2024-11-20,114.5,236.9,122.4
CLE,2024-11-24,113.2,237.0,123.8
CLE,2024-11-27,112.6,237.0,124.4
CLE,2024-11-29,113.9,237.6,123.7
CLE,2024-12-01,113.9,234.1,120.2
CLE,2024-12-03,115.0,236.2,121.2
CLE,2024-12-05,112.4,233.5,121.1
CLE,2024-12-07,113.2,235.5,122.3
CLE,2024-12-08,110.8,230.3,119.5
CLE,2024-12-13,111.6,229.6,118.0
CLE,2024-12-16,110.1,227.9,117.8
CLE,2024-12-20,110.2,228.2,118.0
CLE,2024-12-21,109.5,227.7,118.2
CLE,2024-12-23,105.9,224.3,118.4
CLE,2024-12-27,105.5,226.2,120.7
CLE,2024-12-30,107.9,232.0,124.1
CLE,2024-12-31,108.7,232.3,123.6
CLE,2025-01-03,108.3,231.5,123.2
CLE,2025-01-05,110.3,235.3,125.0
CLE,2025-01-08,108.6,233.8,125.2
CLE,2025-01-09,110.3,236.9,126.6
CLE,2025-01-12,112.8,239.6,126.8
CLE,2025-01-14,113.5,237.2,123.7
CLE,2025-01-16,115.3,239.1,123.8
CLE,2025-01-18,117.4,240.2,122.8
CLE,2025-01-20,115.6,235.9,120.3
CLE,2025-01-22,115.3,236.1,120.8
CLE,2025-01-24,115.2,234.6,119.4
CLE,2025-01-25,116.2,235.1,118.9
CLE,2025-01-27,119.2,239.7,120.5
CLE,2025-01-29,116.1,234.7,118.6
CLE,2025-01-30,114.1,232.1,118.0
CLE,2025-02-02,114.8,237.2,122.4
CLE,2025-02-04,113.2,237.3,124.1
CLE,2025-02-05,111.0,234.2,123.2
CLE,2025-02-07,110.8,233.4,122.6
CLE,2025-02-10,114.0,238.2,124.2
CLE,2025-02-12,113.8,240.0,126.2
CLE,2025-02-20,111.4,237.8,126.4
CLE,2025-02-21,107.6,231.9,124.3
CLE,2025-02-23,109.0,236.5,127.5
CLE,2025-02-25,110.7,238.5,127.8
CLE,2025-02-28,107.4,233.7,126.3
CLE,2025-03-02,108.9,233.1,124.2
CLE,2025-03-04,110.6,237.6,127.0
CLE,2025-03-05,110.8,239.9,129.1
CLE,2025-03-07,109.1,236.0,126.9
CLE,2025-03-09,110.1,236.0,125.9
CLE,2025-03-11,109.3,233.3,124.0
CLE,2025-03-14,110.0,233.9,123.9
CLE,2025-03-16,111.9,234.9,123.0
CLE,2025-03-18,110.4,230.8,120.4
CLE,2025-03-19,115.4,235.5,120.1
CLE,2025-03-21,116.1,235.8,119.7
CLE,2025-03-23,115.5,233.1,117.6
CLE,2025-03-25,112.9,228.6,115.7
CLE,2025-03-27,113.3,230.0,116.7
CLE,2025-03-28,113.2,230.5,117.3
CLE,2025-03-30,116.5,234.8,118.3
CLE,2025-04-02,118.3,238.4,120.1
CLE,2025-04-04,116.4,235.6,119.2
CLE,2025-04-06,116.9,237.2,120.3
CLE,2025-04-08,115.7,235.4,119.7
CLE,2025-04-10,114.7,236.0,121.3
CLE,2025-04-11,113.8,235.1,121.3
CLE,2025-04-13,114.9,235.0,120.1
DAL,2024-11-12,110.1,224.2,114.1
DAL,2024-11-14,111.2,225.0,113.8
DAL,2024-11-16,111.3,226.2,114.9
DAL,2024-11-17,110.4,225.3,114.9
DAL,2024-11-19,110.9,225.9,115.0
DAL,2024-11-22,109.2,227.2,118.0
DAL,2024-11-24,112.7,232.2,119.5
DAL,2024-11-25,111.6,230.2,118.6
DAL,2024-11-27,113.6,233.2,119.6
DAL,2024-11-30,113.6,234.8,121.2
DAL,2024-12-01,110.8,230.6,119.8
DAL,2024-12-03,111.9,233.7,121.8
DAL,2024-12-05,112.0,234.6,122.6
DAL,2024-12-07,112.8,238.1,125.3
DAL,2024-12-10,112.7,238.4,125.7
DAL,2024-12-15,115.4,238.3,122.9
DAL,2024-12-19,116.7,241.6,124.9
DAL,2024-12-21,116.2,238.8,122.6
DAL,2024-12-23,114.0,235.0,121.0
DAL,2024-12-25,113.4,234.7,121.3
DAL,2024-12-27,114.5,235.1,120.6
DAL,2024-12-28,110.3,227.0,116.7
DAL,2024-12-30,111.3,228.1,116.8
DAL,2025-01-01,112.2,225.3,113.1
DAL,2025-01-03,111.4,221.9,110.5
DAL,2025-01-06,113.0,225.3,112.3
DAL,2025-01-07,111.6,220.0,108.4
DAL,2025-01-09,109.5,220.2,110.7
DAL,2025-01-12,110.9,222.0,111.1
DAL,2025-01-14,111.3,219.3,108.0
DAL,2025-01-15,112.6,220.6,108.0
DAL,2025-01-17,115.6,225.4,109.8
DAL,2025-01-20,112.8,221.0,108.2
DAL,2025-01-22,112.8,221.5,108.7
DAL,2025-01-23,113.3,223.5,110.2
DAL,2025-01-25,111.4,221.5,110.1
DAL,2025-01-27,111.7,222.1,110.4
DAL,2025-01-29,112.8,224.4,111.6
DAL,2025-01-31,115.3,228.9,113.6
DAL,2025-02-02,115.8,229.5,113.7
DAL,2025-02-04,118.4,232.3,113.9
DAL,2025-02-06,118.3,232.2,113.9
DAL,2025-02-08,120.5,236.5,116.0
DAL,2025-02-10,120.0,237.1,117.1
DAL,2025-02-12,121.4,239.9,118.5
DAL,2025-02-13,120.6,238.1,117.5
DAL,2025-02-21,119.7,238.3,118.6
DAL,2025-02-23,119.2,235.9,116.7
DAL,2025-02-25,118.2,231.4,113.2
DAL,2025-02-27,117.2,230.1,112.9
DAL,2025-03-01,112.4,225.5,113.1
DAL,2025-03-03,113.8,227.0,113.2
DAL,2025-03-05,114.0,224.3,110.3
DAL,2025-03-07,117.2,226.6,109.4
DAL,2025-03-09,116.5,224.2,107.7
DAL,2025-03-10,118.3,226.5,108.2
DAL,2025-03-12,119.9,229.6,109.7
DAL,2025-03-14,122.2,232.4,110.2
DAL,2025-03-16,122.9,232.5,109.6
DAL,2025-03-19,125.2,237.4,112.2
DAL,2025-03-21,129.1,244.1,115.0
DAL,2025-03-24,127.6,243.2,115.6
DAL,2025-03-25,125.5,243.3,117.8
DAL,2025-03-27,124.6,243.0,118.4
DAL,2025-03-29,121.6,239.0,117.4
DAL,2025-03-31,121.0,238.8,117.8
DAL,2025-04-02,119.4,234.8,115.4
DAL,2025-04-04,118.6,234.4,115.8
DAL,2025-04-05,116.7,232.0,115.3
DAL,2025-04-09,117.2,230.4,113.2
DAL,2025-04-11,114.9,224.7,109.8
DAL,2025-04-13,113.4,223.3,109.9
DEN,2024-11-15,118.0,238.9,120.9
DEN,2024-11-17,117.9,239.5,121.6
DEN,2024-11-19,117.5,237.7,120.2
DEN,2024-11-22,116.0,235.7,119.7
DEN,2024-11-23,114.4,231.7,117.3
DEN,2024-11-25,112.7,231.1,118.4
DEN,2024-11-27,116.9,234.2,117.3
DEN,2024-12-01,115.3,232.7,117.4
DEN,2024-12-03,115.7,232.9,117.2
DEN,2024-12-05,115.0,230.6,115.6
DEN,2024-12-07,115.6,230.4,114.8
DEN,2024-12-08,117.7,234.4,116.7
DEN,2024-12-13,118.3,240.1,121.8
DEN,2024-12-16,117.1,238.7,121.6
DEN,2024-12-19,117.7,240.3,122.6
DEN,2024-12-22,120.1,242.4,122.3
DEN,2024-12-23,118.5,242.2,123.7
DEN,2024-12-25,117.2,240.4,123.2
DEN,2024-12-27,115.6,236.6,121.0
DEN,2024-12-28,119.0,241.6,122.6
DEN,2024-12-30,118.5,243.1,124.6
DEN,2025-01-01,118.4,244.9,126.5
DEN,2025-01-03,119.3,245.6,126.3
DEN,2025-01-04,120.8,246.1,125.3
DEN,2025-01-07,119.0,243.5,124.5
DEN,2025-01-08,118.2,240.9,122.7
DEN,2025-01-10,115.6,237.7,122.1
DEN,2025-01-12,117.1,239.9,122.8
DEN,2025-01-14,116.2,240.2,124.0
DEN,2025-01-15,111.2,233.5,122.3
DEN,2025-01-17,111.9,231.6,119.7
DEN,2025-01-19,111.1,230.9,119.8
DEN,2025-01-21,109.1,226.3,117.2
DEN,2025-01-23,108.7,229.3,120.6
DEN,2025-01-25,109.9,231.5,121.6
DEN,2025-01-27,111.4,232.8,121.4
DEN,2025-01-29,114.0,234.9,120.9
DEN,2025-01-31,115.7,235.4,119.7
DEN,2025-02-01,119.0,241.2,122.2
DEN,2025-02-03,119.5,240.6,121.1
DEN,2025-02-05,118.0,240.8,122.8
DEN,2025-02-06,118.6,242.5,123.9
DEN,2025-02-08,117.6,241.4,123.8
DEN,2025-02-10,117.2,238.8,121.6
DEN,2025-02-12,116.6,239.6,123.0
DEN,2025-02-20,115.4,241.2,125.8
DEN,2025-02-22,114.0,240.6,126.6
DEN,2025-02-24,114.1,239.5,125.4
DEN,2025-02-27,112.3,236.5,124.2
DEN,2025-02-28,114.0,238.7,124.7
DEN,2025-03-02,114.6,240.2,125.6
DEN,2025-03-05,113.7,235.2,121.5
DEN,2025-03-07,115.7,237.6,121.9
DEN,2025-03-09,119.3,243.9,124.6
DEN,2025-03-10,120.3,240.6,120.3
DEN,2025-03-12,120.9,242.0,121.1
DEN,2025-03-14,120.9,238.6,117.7
DEN,2025-03-15,121.2,242.0,120.8
DEN,2025-03-17,122.2,242.8,120.6
DEN,2025-03-19,120.6,241.4,120.8
DEN,2025-03-21,120.7,238.9,118.2
DEN,2025-03-23,122.5,241.3,118.8
DEN,2025-03-24,122.6,241.4,118.8
DEN,2025-03-26,121.4,237.2,115.8
DEN,2025-03-28,120.4,238.6,118.2
DEN,2025-04-01,117.0,234.1,117.1
DEN,2025-04-02,119.5,241.0,121.5
DEN,2025-04-04,118.2,237.2,119.0
DEN,2025-04-06,117.4,234.5,117.1
DEN,2025-04-09,119.4,237.1,117.7
DEN,2025-04-11,119.0,238.3,119.3
DEN,2025-04-13,117.1,237.2,120.1
DET,2024-11-10,110.5,218.4,107.9
DET,2024-11-12,109.1,216.0,106.9
DET,2024-11-13,109.9,219.0,109.1
DET,2024-11-15,110.2,219.5,109.3
DET,2024-11-17,109.1,218.5,109.4
DET,2024-11-18,110.0,221.3,111.3
DET,2024-11-21,109.4,222.1,112.7
DET,2024-11-23,112.5,226.7,114.2
DET,2024-11-25,113.3,226.0,112.7
DET,2024-11-27,112.5,224.7,112.2
DET,2024-11-29,113.5,224.6,111.1
DET,2024-11-30,114.0,228.2,114.2
DET,2024-12-03,113.0,224.5,111.5
DET,2024-12-04,113.1,223.3,110.2
DET,2024-12-07,116.6,228.9,112.3
DET,2024-12-12,117.3,229.2,111.9
DET,2024-12-16,117.4,228.0,110.6
DET,2024-12-19,117.5,228.5,111.0
DET,2024-12-21,119.0,231.9,112.9
DET,2024-12-23,121.5,237.5,116.0
DET,2024-12-26,119.8,236.4,116.6
DET,2024-12-28,120.5,235.5,115.0
DET,2025-01-01,122.8,240.3,117.5
DET,2025-01-03,119.6,236.9,117.3
DET,2025-01-04,116.0,231.1,115.1
DET,2025-01-06,115.4,230.4,115.0
DET,2025-01-08,114.6,231.5,116.9
DET,2025-01-09,112.0,227.7,115.7
DET,2025-01-11,110.1,224.3,114.2
DET,2025-01-13,109.0,222.2,113.2
DET,2025-01-16,109.5,223.4,113.9
DET,2025-01-18,109.3,221.8,112.5
DET,2025-01-20,108.4,220.9,112.5
DET,2025-01-22,108.4,221.1,112.7
DET,2025-01-25,109.4,223.7,114.3
DET,2025-01-27,111.0,224.7,113.7
DET,2025-01-29,110.5,221.5,111.0
DET,2025-01-31,114.0,225.6,111.6
DET,2025-02-02,113.5,226.4,112.9
DET,2025-02-03,114.0,227.3,113.3
DET,2025-02-05,115.3,229.2,113.9
DET,2025-02-07,116.0,231.4,115.4
DET,2025-02-09,114.7,230.5,115.8
DET,2025-02-11,115.3,231.6,116.3
DET,2025-02-12,114.1,232.2,118.1
DET,2025-02-21,113.0,232.6,119.6
DET,2025-02-23,113.0,236.0,123.0
DET,2025-02-24,114.0,239.9,125.9
DET,2025-02-26,113.5,238.3,124.8
DET,2025-02-28,111.3,235.1,123.8
DET,2025-03-01,111.5,234.2,122.7
DET,2025-03-03,109.1,231.8,122.7
DET,2025-03-05,108.5,232.1,123.6
DET,2025-03-08,110.6,234.5,123.9
DET,2025-03-09,112.9,234.6,121.7
DET,2025-03-11,113.1,233.9,120.8
DET,2025-03-13,112.4,233.0,120.6
DET,2025-03-15,111.0,229.3,118.3
DET,2025-03-17,112.6,231.0,118.4
DET,2025-03-19,111.0,230.4,119.4
DET,2025-03-21,108.9,228.0,119.1
DET,2025-03-23,111.8,231.1,119.3
DET,2025-03-25,114.2,233.7,119.5
DET,2025-03-28,111.5,231.7,120.2
DET,2025-03-30,112.2,234.7,122.5
DET,2025-04-02,113.3,234.3,121.0
DET,2025-04-04,114.9,233.9,119.0
DET,2025-04-05,112.5,230.7,118.2
DET,2025-04-07,112.1,229.9,117.8
DET,2025-04-10,116.7,233.5,116.8
DET,2025-04-11,116.0,232.7,116.7
DET,2025-04-13,116.2,233.1,116.9
GSW,2024-11-12,109.4,230.7,121.3
GSW,2024-11-15,110.7,230.0,119.3
GSW,2024-11-18,113.9,232.8,118.9
GSW,2024-11-20,112.9,231.3,118.4
GSW,2024-11-22,112.0,230.0,118.0
GSW,2024-11-23,113.9,232.7,118.8
GSW,2024-11-25,112.2,227.7,115.5
GSW,2024-11-27,113.8,228.8,115.0
GSW,2024-11-30,113.1,226.4,113.3
GSW,2024-12-03,110.8,222.9,112.1
GSW,2024-12-05,111.1,222.0,110.9
GSW,2024-12-06,108.7,217.5,108.8
GSW,2024-12-08,107.6,213.1,105.5
GSW,2024-12-11,108.0,215.0,107.0
GSW,2024-12-15,107.4,211.4,104.0
GSW,2024-12-19,110.9,217.0,106.1
GSW,2024-12-21,114.9,220.9,106.0
GSW,2024-12-23,112.4,217.7,105.3
GSW,2024-12-25,113.0,218.7,105.7
GSW,2024-12-27,113.2,219.7,106.5
GSW,2024-12-28,111.5,215.7,104.2
GSW,2024-12-30,112.7,217.9,105.2
GSW,2025-01-02,113.3,219.0,105.7
GSW,2025-01-04,113.2,221.4,108.2
GSW,2025-01-05,115.4,226.7,111.3
GSW,2025-01-07,114.0,221.9,107.9
GSW,2025-01-09,111.0,219.4,108.4
GSW,2025-01-10,111.1,218.9,107.8
GSW,2025-01-13,110.8,217.7,106.9
GSW,2025-01-15,109.7,215.4,105.7
GSW,2025-01-18,111.0,219.1,108.1
GSW,2025-01-20,111.9,221.3,109.4
GSW,2025-01-22,113.1,221.5,108.4
GSW,2025-01-23,114.9,221.1,106.2
GSW,2025-01-25,114.2,221.4,107.2
GSW,2025-01-28,113.1,221.2,108.1
GSW,2025-01-29,112.0,221.7,109.7
GSW,2025-01-31,112.5,223.1,110.6
GSW,2025-02-03,114.7,226.2,111.5
GSW,2025-02-05,114.2,226.0,111.8
GSW,2025-02-06,115.8,228.8,113.0
GSW,2025-02-08,116.4,228.4,112.0
GSW,2025-02-10,115.0,231.7,116.7
GSW,2025-02-12,113.8,231.3,117.5
GSW,2025-02-13,114.3,229.4,115.1
GSW,2025-02-21,112.3,227.1,114.8
GSW,2025-02-23,112.8,229.4,116.6
GSW,2025-02-25,112.1,229.7,117.6
GSW,2025-02-27,108.3,228.2,119.9
GSW,2025-03-01,109.9,231.5,121.6
GSW,2025-03-03,109.4,230.1,120.7
GSW,2025-03-04,107.5,228.9,121.4
GSW,2025-03-06,106.6,226.2,119.6
GSW,2025-03-08,107.4,226.6,119.2
GSW,2025-03-10,107.3,227.3,120.0
GSW,2025-03-13,109.5,232.0,122.5
GSW,2025-03-15,109.1,231.4,122.3
GSW,2025-03-17,108.3,227.7,119.4
GSW,2025-03-18,110.5,227.6,117.1
GSW,2025-03-20,108.3,223.7,115.4
GSW,2025-03-22,107.1,222.3,115.2
GSW,2025-03-25,109.4,224.2,114.8
GSW,2025-03-28,110.4,222.4,112.0
GSW,2025-03-30,108.0,219.0,111.0
GSW,2025-04-01,107.6,221.9,114.3
GSW,2025-04-03,108.1,222.8,114.7
GSW,2025-04-04,109.3,223.3,114.0
GSW,2025-04-06,110.3,226.4,116.1
GSW,2025-04-08,109.5,224.7,115.2
GSW,2025-04-09,109.7,227.8,118.1
GSW,2025-04-11,109.7,227.2,117.5
GSW,2025-04-13,105.9,222.2,116.3
HOU,2024-11-11,107.9,219.7,111.8
HOU,2024-11-13,106.1,218.1,112.0
HOU,2024-11-15,105.6,215.9,110.3
HOU,2024-11-17,105.1,217.3,112.2
HOU,2024-11-18,105.7,221.6,115.9
HOU,2024-11-20,105.6,220.7,115.1
HOU,2024-11-22,104.2,220.2,116.0
HOU,2024-11-23,103.3,220.0,116.7
HOU,2024-11-26,103.7,217.5,113.8
HOU,2024-11-27,102.2,217.0,114.8
HOU,2024-12-01,103.8,220.7,116.9
HOU,2024-12-03,106.2,224.3,118.1
HOU,2024-12-05,107.9,226.0,118.1
HOU,2024-12-08,107.4,222.3,114.9
HOU,2024-12-11,107.3,219.6,112.3
HOU,2024-12-14,106.2,217.6,111.4
HOU,2024-12-19,106.0,214.0,108.0
HOU,2024-12-22,108.5,218.2,109.7
HOU,2024-12-23,109.1,220.4,111.3
HOU,2024-12-26,108.1,219.1,111.0
HOU,2024-12-27,107.7,219.3,111.6
HOU,2024-12-29,107.4,218.3,110.9
HOU,2025-01-01,105.8,215.6,109.8
HOU,2025-01-03,105.8,217.3,111.5
HOU,2025-01-05,106.1,214.5,108.4
HOU,2025-01-07,108.6,219.8,111.2
HOU,2025-01-09,108.7,223.8,115.1
HOU,2025-01-13,108.9,222.6,113.7
HOU,2025-01-15,109.7,224.0,114.3
HOU,2025-01-16,110.4,226.1,115.7
HOU,2025-01-18,112.5,228.1,115.6
HOU,2025-01-20,111.5,228.4,116.9
HOU,2025-01-22,111.8,228.3,116.5
HOU,2025-01-25,112.7,229.1,116.4
HOU,2025-01-27,114.9,236.2,121.3
HOU,2025-01-28,114.6,235.4,120.8
HOU,2025-01-30,113.0,230.3,117.3
HOU,2025-02-01,113.5,230.8,117.3
HOU,2025-02-03,112.7,227.8,115.1
HOU,2025-02-04,114.3,228.4,114.1
HOU,2025-02-06,111.0,222.1,111.1
HOU,2025-02-08,113.4,223.4,110.0
HOU,2025-02-09,114.3,225.2,110.9
HOU,2025-02-12,112.2,221.6,109.4
HOU,2025-02-13,110.2,218.0,107.8
HOU,2025-02-21,109.5,215.7,106.2
HOU,2025-02-22,111.4,219.7,108.3
HOU,2025-02-25,111.8,219.7,107.9
HOU,2025-02-26,110.5,218.6,108.1
HOU,2025-03-01,108.7,216.8,108.1
HOU,2025-03-03,110.1,218.8,108.7
HOU,2025-03-04,111.1,221.2,110.1
HOU,2025-03-06,111.0,220.8,109.8
HOU,2025-03-08,112.0,223.3,111.3
HOU,2025-03-10,112.6,226.6,114.0
HOU,2025-03-12,110.5,224.4,113.9
HOU,2025-03-14,109.4,222.3,112.9
HOU,2025-03-15,106.6,221.3,114.7
HOU,2025-03-17,108.3,224.7,116.4
HOU,2025-03-19,111.4,230.4,119.0
HOU,2025-03-21,110.9,231.2,120.3
HOU,2025-03-23,107.0,224.7,117.7
HOU,2025-03-25,107.1,225.7,118.6
HOU,2025-03-27,108.8,228.6,119.8
HOU,2025-03-30,108.1,225.4,117.3
HOU,2025-03-31,110.6,233.0,122.4
HOU,2025-04-02,110.6,231.7,121.1
HOU,2025-04-04,111.5,233.6,122.1
HOU,2025-04-06,111.2,234.1,122.9
HOU,2025-04-09,107.1,226.2,119.1
HOU,2025-04-11,109.7,228.9,119.2
HOU,2025-04-13,113.9,233.8,119.9
IND,2024-11-13,118.8,235.0,116.2
IND,2024-11-15,117.3,231.0,113.7
IND,2024-11-17,117.4,232.4,115.0
IND,2024-11-18,116.6,232.1,115.5
IND,2024-11-20,117.7,233.6,115.9
IND,2024-11-22,117.5,231.2,113.7
IND,2024-11-24,117.9,231.5,113.6
IND,2024-11-25,115.5,227.2,111.7
IND,2024-11-27,115.4,226.7,111.3
IND,2024-11-29,116.5,231.6,115.1
IND,2024-12-01,117.4,229.9,112.5
IND,2024-12-03,121.6,237.2,115.6
IND,2024-12-04,121.4,237.0,115.6
IND,2024-12-06,120.3,233.0,112.7
IND,2024-12-08,119.6,233.6,114.0
IND,2024-12-13,117.9,231.5,113.6
IND,2024-12-15,115.7,229.7,114.0
IND,2024-12-19,115.8,230.2,114.4
IND,2024-12-22,115.9,230.9,115.0
IND,2024-12-23,114.0,229.1,115.1
IND,2024-12-26,111.5,227.1,115.6
IND,2024-12-27,109.9,224.8,114.9
IND,2024-12-29,111.9,226.2,114.3
IND,2024-12-31,113.4,231.0,117.6
IND,2025-01-02,113.1,228.7,115.6
IND,2025-01-04,113.3,230.8,117.5
IND,2025-01-06,113.4,231.4,118.0
IND,2025-01-08,112.9,230.3,117.4
IND,2025-01-10,113.1,231.4,118.3
IND,2025-01-12,113.2,230.1,116.9
IND,2025-01-14,112.0,228.6,116.6
IND,2025-01-16,112.7,229.6,116.9
IND,2025-01-18,108.5,226.0,117.5
IND,2025-01-23,107.3,224.0,116.7
IND,2025-01-25,109.3,225.8,116.5
IND,2025-01-29,107.6,224.9,117.3
IND,2025-02-01,108.7,226.7,118.0
IND,2025-02-03,111.5,231.4,119.9
IND,2025-02-04,111.3,229.5,118.2
IND,2025-02-06,112.9,229.2,116.3
IND,2025-02-08,114.8,232.2,117.4
IND,2025-02-11,114.5,231.9,117.4
IND,2025-02-12,117.3,235.1,117.8
IND,2025-02-20,120.1,239.8,119.7
IND,2025-02-23,117.4,238.8,121.4
IND,2025-02-24,118.7,239.4,120.7
IND,2025-02-26,119.3,238.3,119.0
IND,2025-02-28,115.7,232.6,116.9
IND,2025-03-02,117.1,234.8,117.7
IND,2025-03-04,117.1,238.6,121.5
IND,2025-03-06,116.1,237.2,121.1
IND,2025-03-08,116.1,237.3,121.2
IND,2025-03-10,115.3,236.8,121.5
IND,2025-03-11,114.4,232.8,118.4
IND,2025-03-14,114.5,231.7,117.2
IND,2025-03-15,113.4,228.9,115.5
IND,2025-03-17,113.5,229.3,115.8
IND,2025-03-19,117.4,235.3,117.9
IND,2025-03-20,118.0,237.4,119.4
IND,2025-03-22,116.7,233.9,117.2
IND,2025-03-24,116.8,233.3,116.5
IND,2025-03-26,114.7,231.3,116.6
IND,2025-03-27,114.7,231.4,116.7
IND,2025-03-29,113.5,236.1,122.6
IND,2025-03-31,115.3,237.5,122.2
IND,2025-04-02,116.2,238.3,122.1
IND,2025-04-04,114.1,236.2,122.1
IND,2025-04-06,112.3,235.2,122.9
IND,2025-04-08,111.2,233.1,121.9
IND,2025-04-10,111.1,232.9,121.8
IND,2025-04-11,112.0,234.4,122.4
IND,2025-04-13,114.6,236.6,122.0
LAC,2024-11-11,106.3,214.8,108.5
LAC,2024-11-13,108.1,218.1,110.0
LAC,2024-11-15,108.8,218.2,109.4
LAC,2024-11-17,110.9,219.5,108.6
LAC,2024-11-18,110.8,220.5,109.7
LAC,2024-11-20,108.2,216.2,108.0
LAC,2024-11-22,107.0,216.2,109.2
LAC,2024-11-24,105.4,213.7,108.3
LAC,2024-11-25,105.5,215.3,109.8
LAC,2024-11-27,108.3,216.8,108.5
LAC,2024-11-29,107.6,217.7,110.1
LAC,2024-12-01,103.5,210.0,106.5
LAC,2024-12-03,104.6,213.4,108.8
LAC,2024-12-04,102.6,213.7,111.1
LAC,2024-12-08,102.9,210.4,107.5
LAC,2024-12-13,104.7,212.6,107.9
LAC,2024-12-16,107.4,214.7,107.3
LAC,2024-12-19,109.3,220.6,111.3
LAC,2024-12-21,108.9,219.5,110.6
LAC,2024-12-23,107.6,218.5,110.9
LAC,2024-12-27,109.0,219.2,110.2
LAC,2024-12-30,108.9,220.1,111.2
LAC,2024-12-31,108.0,218.2,110.2
LAC,2025-01-02,109.7,215.8,106.1
LAC,2025-01-04,110.5,218.4,107.9
LAC,2025-01-06,109.3,219.7,110.4
LAC,2025-01-08,108.1,219.3,111.2
LAC,2025-01-13,110.0,217.1,107.1
LAC,2025-01-15,110.3,216.5,106.2
LAC,2025-01-16,105.7,214.8,109.1
LAC,2025-01-19,103.6,213.1,109.5
LAC,2025-01-20,104.6,215.5,110.9
LAC,2025-01-22,104.5,213.7,109.2
LAC,2025-01-23,104.0,215.9,111.9
LAC,2025-01-25,101.7,214.8,113.1
LAC,2025-01-27,102.9,215.6,112.7
LAC,2025-01-29,103.2,216.2,113.0
LAC,2025-01-31,102.2,217.7,115.5
LAC,2025-02-02,102.8,218.6,115.8
LAC,2025-02-04,107.6,221.6,114.0
LAC,2025-02-06,110.9,222.8,111.9
LAC,2025-02-08,112.6,224.1,111.5
LAC,2025-02-12,112.4,227.0,114.6
LAC,2025-02-13,112.1,228.2,116.1
LAC,2025-02-20,114.4,231.5,117.1
LAC,2025-02-23,114.3,229.7,115.4
LAC,2025-02-24,116.1,231.7,115.6
LAC,2025-02-26,115.1,227.6,112.5
LAC,2025-02-28,116.4,229.9,113.5
LAC,2025-03-02,115.5,228.4,112.9
LAC,2025-03-04,114.1,227.5,113.4
LAC,2025-03-05,114.1,228.0,113.9
LAC,2025-03-07,114.6,227.8,113.2
LAC,2025-03-09,112.7,223.6,110.9
LAC,2025-03-11,112.1,222.1,110.0
LAC,2025-03-12,113.2,224.2,111.0
LAC,2025-03-14,110.7,222.5,111.8
LAC,2025-03-16,109.9,224.1,114.2
LAC,2025-03-18,107.0,221.3,114.3
LAC,2025-03-21,108.3,225.6,117.3
LAC,2025-03-23,108.3,228.2,119.9
LAC,2025-03-26,106.7,225.0,118.3
LAC,2025-03-28,106.5,225.1,118.6
LAC,2025-03-30,107.0,228.3,121.3
LAC,2025-03-31,108.7,231.1,122.4
LAC,2025-04-02,104.7,224.7,120.0
LAC,2025-04-04,104.1,223.6,119.5
LAC,2025-04-05,103.4,222.2,118.8
LAC,2025-04-08,105.0,225.0,120.0
LAC,2025-04-09,104.8,223.8,119.0
LAC,2025-04-11,105.7,225.3,119.6
LAC,2025-04-13,105.4,225.0,119.6
LAL,2024-11-13,116.9,233.5,116.6
LAL,2024-11-15,118.9,237.3,118.4
LAL,2024-11-16,118.8,236.9,118.1
LAL,2024-11-19,116.0,231.4,115.4
LAL,2024-11-21,116.9,234.2,117.3
LAL,2024-11-23,115.4,233.5,118.1
LAL,2024-11-26,115.6,230.8,115.2
LAL,2024-11-27,116.8,231.7,114.9
LAL,2024-11-29,113.8,229.2,115.4
LAL,2024-12-01,113.3,226.4,113.1
LAL,2024-12-02,113.4,224.7,111.3
LAL,2024-12-04,112.0,218.5,106.5
LAL,2024-12-06,113.9,217.7,103.8
LAL,2024-12-08,117.4,224.0,106.6
LAL,2024-12-13,115.4,220.3,104.9
LAL,2024-12-15,113.2,215.0,101.8
LAL,2024-12-19,111.5,214.7,103.2
LAL,2024-12-21,108.8,213.3,104.5
LAL,2024-12-23,108.6,211.5,102.9
LAL,2024-12-25,110.2,215.2,105.0
LAL,2024-12-28,111.1,217.1,106.0
LAL,2024-12-31,112.4,223.6,111.2
LAL,2025-01-02,111.2,224.1,112.9
LAL,2025-01-03,108.4,219.5,111.1
LAL,2025-01-05,108.8,221.1,112.3
LAL,2025-01-07,111.0,226.1,115.1
LAL,2025-01-13,111.8,225.0,113.2
LAL,2025-01-15,114.4,226.5,112.1
LAL,2025-01-17,115.3,228.8,113.5
LAL,2025-01-19,113.7,226.0,112.3
LAL,2025-01-21,114.0,225.0,111.0
LAL,2025-01-23,110.6,219.5,108.9
LAL,2025-01-25,108.0,217.6,109.6
LAL,2025-01-27,108.2,218.2,110.0
LAL,2025-01-28,108.7,218.0,109.3
LAL,2025-01-30,108.6,216.8,108.2
LAL,2025-02-01,106.4,218.3,111.9
LAL,2025-02-04,105.0,219.5,114.5
LAL,2025-02-06,103.9,218.9,115.0
LAL,2025-02-08,105.0,221.8,116.8
LAL,2025-02-10,105.1,224.1,119.0
LAL,2025-02-12,107.6,228.7,121.1
LAL,2025-02-19,111.1,232.4,121.3
LAL,2025-02-20,110.3,229.5,119.2
LAL,2025-02-22,109.8,228.8,119.0
LAL,2025-02-25,108.0,228.9,120.9
LAL,2025-02-27,108.3,226.5,118.2
LAL,2025-02-28,107.3,223.8,116.5
LAL,2025-03-02,107.8,222.7,114.9
LAL,2025-03-04,106.8,220.5,113.7
LAL,2025-03-06,106.6,221.5,114.9
LAL,2025-03-08,106.2,219.2,113.0
LAL,2025-03-10,104.2,215.4,111.2
LAL,2025-03-13,105.3,217.6,112.3
LAL,2025-03-14,107.7,219.6,111.9
LAL,2025-03-16,110.8,223.0,112.2
LAL,2025-03-17,110.5,222.7,112.2
LAL,2025-03-19,111.2,224.8,113.6
LAL,2025-03-20,111.8,226.8,115.0
LAL,2025-03-22,113.4,226.5,113.1
LAL,2025-03-24,116.5,227.5,111.0
LAL,2025-03-26,117.4,227.7,110.3
LAL,2025-03-27,118.2,230.4,112.2
LAL,2025-03-29,119.0,232.1,113.1
LAL,2025-03-31,119.1,235.0,115.9
LAL,2025-04-03,115.8,229.5,113.7
LAL,2025-04-04,118.5,233.1,114.6
LAL,2025-04-06,118.4,232.9,114.5
LAL,2025-04-08,117.5,232.6,115.1
LAL,2025-04-09,119.3,237.5,118.2
LAL,2025-04-11,114.4,232.3,117.9
LAL,2025-04-13,113.5,234.8,121.3
MEM,2024-11-10,113.8,233.4,119.6
MEM,2024-11-13,110.3,230.7,120.4
MEM,2024-11-15,110.3,232.2,121.9
MEM,2024-11-17,111.5,232.8,121.3
MEM,2024-11-19,107.9,227.4,119.5
MEM,2024-11-20,108.2,228.1,119.9
MEM,2024-11-23,109.4,228.8,119.4
MEM,2024-11-25,111.8,233.0,121.2
MEM,2024-11-27,111.0,234.1,123.1
MEM,2024-11-29,110.7,233.8,123.1
MEM,2024-12-01,111.2,233.5,122.3
MEM,2024-12-03,114.4,236.9,122.5
MEM,2024-12-05,113.7,235.5,121.8
MEM,2024-12-07,112.4,233.9,121.5
MEM,2024-12-08,115.5,239.2,123.7
MEM,2024-12-13,114.5,241.2,126.7
MEM,2024-12-15,115.3,243.8,128.5
MEM,2024-12-19,113.8,239.1,125.3
MEM,2024-12-21,113.3,240.7,127.4
MEM,2024-12-23,113.4,240.5,127.1
MEM,2024-12-26,113.9,240.0,126.1
MEM,2024-12-27,114.4,242.4,128.0
MEM,2024-12-29,114.7,244.3,129.6
MEM,2024-12-31,116.7,245.4,128.7
MEM,2025-01-03,115.8,243.5,127.7
MEM,2025-01-04,118.4,245.4,127.0
MEM,2025-01-06,118.6,243.4,124.8
MEM,2025-01-09,117.4,243.1,125.7
MEM,2025-01-11,120.0,242.8,122.8
MEM,2025-01-13,121.3,244.0,122.7
MEM,2025-01-15,121.9,245.4,123.5
MEM,2025-01-17,120.8,241.7,120.9
MEM,2025-01-20,119.6,241.3,121.7
MEM,2025-01-22,117.2,239.1,121.9
MEM,2025-01-24,118.0,241.4,123.4
MEM,2025-01-25,116.8,240.8,124.0
MEM,2025-01-27,115.0,240.2,125.2
MEM,2025-01-30,118.9,242.8,123.9
MEM,2025-02-02,118.9,243.3,124.4
MEM,2025-02-03,118.3,243.2,124.9
MEM,2025-02-05,117.2,243.1,125.9
MEM,2025-02-08,116.4,243.2,126.8
MEM,2025-02-11,117.7,241.7,124.0
MEM,2025-02-12,118.3,243.4,125.1
MEM,2025-02-20,119.1,242.4,123.3
MEM,2025-02-21,119.2,239.9,120.7
MEM,2025-02-23,119.3,238.0,118.7
MEM,2025-02-25,117.9,238.3,120.4
MEM,2025-02-28,120.8,244.3,123.5
MEM,2025-03-01,120.3,241.9,121.6
MEM,2025-03-03,122.4,244.0,121.6
MEM,2025-03-05,124.9,245.7,120.8
MEM,2025-03-07,124.4,244.3,119.9
MEM,2025-03-09,124.3,244.5,120.2
MEM,2025-03-10,121.9,241.4,119.5
MEM,2025-03-12,121.0,241.2,120.2
MEM,2025-03-14,122.1,244.0,121.9
MEM,2025-03-15,122.5,244.5,122.0
MEM,2025-03-17,116.8,236.2,119.4
MEM,2025-03-19,118.6,238.9,120.3
MEM,2025-03-21,117.1,234.5,117.4
MEM,2025-03-25,116.7,231.9,115.2
MEM,2025-03-27,115.0,233.9,118.9
MEM,2025-03-29,116.4,233.5,117.1
MEM,2025-03-31,119.4,238.5,119.1
MEM,2025-04-01,119.3,236.7,117.4
MEM,2025-04-03,121.2,238.9,117.7
MEM,2025-04-05,118.7,235.0,116.3
MEM,2025-04-08,119.9,234.6,114.7
MEM,2025-04-10,116.7,231.6,114.9
MEM,2025-04-11,119.3,236.8,117.5
MEM,2025-04-13,118.2,235.8,117.6
MIA,2024-11-15,111.2,221.4,110.2
MIA,2024-11-17,110.7,223.6,112.9
MIA,2024-11-18,112.0,224.5,112.5
MIA,2024-11-24,111.1,223.6,112.5
MIA,2024-11-26,111.3,225.4,114.1
MIA,2024-11-27,112.1,224.7,112.6
MIA,2024-11-29,110.4,221.8,111.4
MIA,2024-12-01,110.0,222.3,112.3
MIA,2024-12-02,108.4,220.1,111.7
MIA,2024-12-04,109.8,220.9,111.1
MIA,2024-12-07,106.8,219.2,112.4
MIA,2024-12-08,106.8,218.9,112.1
MIA,2024-12-12,106.2,219.5,113.3
MIA,2024-12-16,107.7,221.8,114.1
MIA,2024-12-20,108.4,222.6,114.2
MIA,2024-12-21,108.2,221.8,113.6
MIA,2024-12-23,110.9,226.1,115.2
MIA,2024-12-26,109.3,223.4,114.1
MIA,2024-12-28,106.2,217.6,111.4
MIA,2024-12-29,107.4,220.9,113.5
MIA,2025-01-01,108.1,218.6,110.5
MIA,2025-01-02,107.8,218.1,110.3
MIA,2025-01-04,109.3,218.9,109.6
MIA,2025-01-06,112.5,220.7,108.2
MIA,2025-01-07,112.3,219.9,107.6
MIA,2025-01-09,111.7,221.0,109.3
MIA,2025-01-11,108.8,216.4,107.6
MIA,2025-01-13,109.1,217.6,108.5
MIA,2025-01-15,111.2,220.6,109.4
MIA,2025-01-17,110.9,220.1,109.2
MIA,2025-01-19,114.2,224.3,110.1
MIA,2025-01-21,114.1,225.1,111.0
MIA,2025-01-23,112.9,223.1,110.2
MIA,2025-01-25,111.8,221.6,109.8
MIA,2025-01-27,109.2,217.8,108.6
MIA,2025-01-29,111.3,221.0,109.7
MIA,2025-02-01,114.7,225.3,110.6
MIA,2025-02-04,115.2,224.4,109.2
MIA,2025-02-05,117.6,229.4,111.8
MIA,2025-02-07,116.0,227.8,111.8
MIA,2025-02-10,112.9,222.0,109.1
MIA,2025-02-12,112.5,217.3,104.8
MIA,2025-02-13,112.4,216.6,104.2
MIA,2025-02-21,111.7,217.6,105.9
MIA,2025-02-23,113.1,220.4,107.3
MIA,2025-02-24,113.2,219.3,106.1
MIA,2025-02-26,110.4,214.5,104.1
MIA,2025-02-28,111.0,217.7,106.7
MIA,2025-03-02,109.7,216.5,106.8
MIA,2025-03-03,111.2,218.4,107.2
MIA,2025-03-05,110.0,219.2,109.2
MIA,2025-03-07,110.9,222.3,111.4
MIA,2025-03-08,110.0,221.7,111.7
MIA,2025-03-10,109.6,220.9,111.3
MIA,2025-03-12,109.0,218.5,109.5
MIA,2025-03-14,108.9,217.5,108.6
MIA,2025-03-15,109.4,218.5,109.1
MIA,2025-03-17,111.0,216.1,105.1
MIA,2025-03-19,110.6,212.7,102.1
MIA,2025-03-21,110.6,212.8,102.2
MIA,2025-03-23,111.8,213.2,101.4
MIA,2025-03-25,111.1,214.0,102.9
MIA,2025-03-27,109.1,212.8,103.7
MIA,2025-03-29,108.9,213.9,105.0
MIA,2025-03-31,107.9,214.5,106.6
MIA,2025-04-02,105.4,213.6,108.2
MIA,2025-04-03,105.4,216.9,111.5
MIA,2025-04-05,103.9,217.1,113.2
MIA,2025-04-07,104.4,219.6,115.2
MIA,2025-04-09,103.3,218.9,115.6
MIA,2025-04-11,105.0,221.9,116.9
MIA,2025-04-13,104.9,224.9,120.0
MIL,2024-11-12,115.7,226.3,110.6
MIL,2024-11-13,113.3,221.4,108.1
MIL,2024-11-16,112.0,220.6,108.6
MIL,2024-11-18,112.0,221.8,109.8
MIL,2024-11-20,110.1,219.2,109.1
MIL,2024-11-22,108.5,219.9,111.4
MIL,2024-11-23,108.8,221.8,113.0
MIL,2024-11-26,109.1,223.2,114.1
MIL,2024-11-30,109.4,221.8,112.4
MIL,2024-12-03,109.2,224.6,115.4
MIL,2024-12-04,108.6,226.1,117.5
MIL,2024-12-06,112.0,230.0,118.0
MIL,2024-12-08,111.1,226.9,115.8
MIL,2024-12-10,110.9,227.1,116.2
MIL,2024-12-14,111.8,229.3,117.5
MIL,2024-12-20,111.4,227.7,116.3
MIL,2024-12-21,112.1,225.6,113.5
MIL,2024-12-23,110.3,222.5,112.2
MIL,2024-12-26,109.1,221.9,112.8
MIL,2024-12-28,108.8,219.7,110.9
MIL,2024-12-31,109.7,218.9,109.2
MIL,2025-01-02,109.0,219.8,110.8
MIL,2025-01-04,109.2,220.5,111.3
MIL,2025-01-06,108.4,218.1,109.7
MIL,2025-01-08,107.9,219.0,111.1
MIL,2025-01-10,108.2,220.4,112.2
MIL,2025-01-12,106.4,219.4,113.0
MIL,2025-01-14,110.3,222.7,112.4
MIL,2025-01-15,112.7,226.9,114.2
MIL,2025-01-17,110.9,226.8,115.9
MIL,2025-01-19,110.5,228.3,117.8
MIL,2025-01-23,110.2,228.3,118.1
MIL,2025-01-25,108.5,228.1,119.6
MIL,2025-01-27,110.7,231.8,121.1
MIL,2025-01-28,111.3,232.1,120.8
MIL,2025-01-31,113.3,233.2,119.9
MIL,2025-02-02,117.1,237.9,120.8
MIL,2025-02-03,116.3,238.4,122.1
MIL,2025-02-05,117.3,236.0,118.7
MIL,2025-02-07,118.2,235.9,117.7
MIL,2025-02-09,118.5,234.2,115.7
MIL,2025-02-10,120.3,237.2,116.9
MIL,2025-02-12,123.2,238.7,115.5
MIL,2025-02-20,120.6,234.7,114.1
MIL,2025-02-21,120.6,233.8,113.2
MIL,2025-02-23,118.2,230.6,112.4
MIL,2025-02-25,115.1,227.7,112.6
MIL,2025-02-27,111.9,222.3,110.4
MIL,2025-03-01,110.6,223.5,112.9
MIL,2025-03-04,112.1,227.0,114.9
MIL,2025-03-05,112.7,229.3,116.6
MIL,2025-03-08,110.7,227.5,116.8
MIL,2025-03-09,109.3,225.9,116.6
MIL,2025-03-11,110.4,226.7,116.3
MIL,2025-03-13,110.9,227.0,116.1
MIL,2025-03-15,111.4,229.7,118.3
MIL,2025-03-16,112.0,230.9,118.9
MIL,2025-03-18,114.1,233.8,119.7
MIL,2025-03-20,113.3,230.2,116.9
MIL,2025-03-22,110.5,226.0,115.5
MIL,2025-03-24,109.2,223.4,114.2
MIL,2025-03-26,109.3,220.4,111.1
MIL,2025-03-28,110.9,222.8,111.9
MIL,2025-03-30,111.3,223.9,112.6
MIL,2025-04-01,114.3,227.9,113.6
MIL,2025-04-03,116.0,230.3,114.3
MIL,2025-04-05,115.4,229.7,114.3
MIL,2025-04-06,114.8,230.7,115.9
MIL,2025-04-08,115.1,232.8,117.7
MIL,2025-04-10,116.5,233.4,116.9
MIL,2025-04-11,116.8,235.9,119.1
MIL,2025-04-13,117.9,238.9,121.0
MIN,2024-11-12,108.4,222.2,113.8
MIN,2024-11-13,109.6,223.9,114.3
MIN,2024-11-15,108.7,221.1,112.4
MIN,2024-11-17,111.2,225.4,114.2
MIN,2024-11-21,110.9,225.7,114.8
MIN,2024-11-24,110.3,223.7,113.4
MIN,2024-11-26,109.7,223.3,113.6
MIN,2024-11-27,112.1,225.4,113.3
MIN,2024-11-29,111.7,221.9,110.2
MIN,2024-12-02,110.7,217.5,106.8
MIN,2024-12-04,109.2,217.5,108.3
MIN,2024-12-06,105.0,213.3,108.3
MIN,2024-12-08,103.4,212.6,109.2
MIN,2024-12-13,102.2,209.0,106.8
MIN,2024-12-15,99.2,203.7,104.5
MIN,2024-12-19,97.4,202.0,104.6
MIN,2024-12-21,100.0,204.8,104.8
MIN,2024-12-23,99.6,203.6,104.0
MIN,2024-12-25,99.8,203.8,104.0
MIN,2024-12-27,100.5,205.7,105.2
MIN,2024-12-29,103.7,209.3,105.6
MIN,2024-12-31,106.7,212.7,106.0
MIN,2025-01-02,109.0,214.8,105.8
MIN,2025-01-04,109.4,216.1,106.7
MIN,2025-01-06,112.6,220.1,107.5
MIN,2025-01-07,114.0,221.7,107.7
MIN,2025-01-09,110.4,217.8,107.4
MIN,2025-01-11,108.0,215.5,107.5
MIN,2025-01-13,109.0,218.6,109.6
MIN,2025-01-15,109.7,220.8,111.1
MIN,2025-01-17,110.1,221.4,111.3
MIN,2025-01-18,109.0,220.7,111.7
MIN,2025-01-20,110.1,223.0,112.9
MIN,2025-01-22,109.1,221.1,112.0
MIN,2025-01-25,108.6,221.6,113.0
MIN,2025-01-27,108.4,223.9,115.5
MIN,2025-01-29,107.9,223.0,115.1
MIN,2025-01-30,110.3,227.1,116.8
MIN,2025-02-01,108.9,227.0,118.1
MIN,2025-02-03,108.8,225.2,116.4
MIN,2025-02-05,108.8,225.1,116.3
MIN,2025-02-06,109.7,227.1,117.4
MIN,2025-02-08,108.7,227.1,118.4
MIN,2025-02-10,107.7,226.9,119.2
MIN,2025-02-12,109.1,227.5,118.4
MIN,2025-02-13,109.0,224.2,115.2
MIN,2025-02-21,109.9,226.7,116.8
MIN,2025-02-23,110.7,226.9,116.2
MIN,2025-02-24,112.4,227.1,114.7
MIN,2025-02-27,114.7,232.2,117.5
MIN,2025-02-28,114.2,230.5,116.3
MIN,2025-03-02,115.1,230.3,115.2
MIN,2025-03-04,113.5,227.6,114.1
MIN,2025-03-05,114.9,230.2,115.3
MIN,2025-03-07,113.1,230.2,117.1
MIN,2025-03-09,113.2,230.8,117.6
MIN,2025-03-12,115.5,235.6,120.1
MIN,2025-03-14,112.9,233.0,120.1
MIN,2025-03-16,111.0,230.6,119.6
MIN,2025-03-17,108.4,227.7,119.3
MIN,2025-03-19,110.5,232.6,122.1
MIN,2025-03-21,110.7,232.7,122.0
MIN,2025-03-24,110.2,234.0,123.8
MIN,2025-03-28,110.9,232.4,121.5
MIN,2025-03-30,110.8,232.2,121.4
MIN,2025-04-01,110.8,233.9,123.1
MIN,2025-04-03,112.3,235.3,123.0
MIN,2025-04-05,111.8,233.8,122.0
MIN,2025-04-08,111.6,233.2,121.6
MIN,2025-04-10,112.4,231.5,119.1
MIN,2025-04-11,111.7,231.9,120.2
MIN,2025-04-13,108.9,229.3,120.4
NOP,2024-11-11,117.5,224.7,107.2
NOP,2024-11-13,117.1,222.5,105.4
NOP,2024-11-15,117.4,221.1,103.7
NOP,2024-11-16,114.3,217.8,103.5
NOP,2024-11-19,112.3,215.1,102.8
NOP,2024-11-20,115.1,218.1,103.0
NOP,2024-11-22,116.1,216.6,100.5
NOP,2024-11-25,114.7,214.9,100.2
NOP,2024-11-27,114.3,215.5,101.2
NOP,2024-11-29,113.1,211.4,98.3
NOP,2024-12-01,113.6,214.0,100.4
NOP,2024-12-02,114.7,213.1,98.4
NOP,2024-12-05,116.5,217.3,100.8
NOP,2024-12-07,119.5,222.8,103.3
NOP,2024-12-08,121.0,225.3,104.3
NOP,2024-12-12,119.9,226.7,106.8
NOP,2024-12-15,118.2,225.9,107.7
NOP,2024-12-19,118.9,226.2,107.3
NOP,2024-12-21,120.8,228.4,107.6
NOP,2024-12-22,119.3,226.9,107.6
NOP,2024-12-26,120.5,230.1,109.6
NOP,2024-12-27,121.5,233.7,112.2
NOP,2024-12-30,122.3,235.7,113.4
NOP,2025-01-01,121.5,233.6,112.1
NOP,2025-01-03,121.5,233.5,112.0
NOP,2025-01-05,121.4,235.0,113.6
NOP,2025-01-07,120.1,233.8,113.7
NOP,2025-01-08,118.6,231.6,113.0
NOP,2025-01-10,117.2,228.9,111.7
NOP,2025-01-12,118.3,233.0,114.7
NOP,2025-01-14,117.1,230.8,113.7
NOP,2025-01-15,115.6,230.1,114.5
NOP,2025-01-17,114.0,228.0,114.0
NOP,2025-01-20,114.7,231.0,116.3
NOP,2025-01-24,114.7,232.5,117.8
NOP,2025-01-25,116.6,233.8,117.2
NOP,2025-01-27,119.1,234.5,115.4
NOP,2025-01-29,120.0,236.1,116.1
NOP,2025-01-31,121.8,241.5,119.7
NOP,2025-02-03,122.1,241.1,119.0
NOP,2025-02-05,122.6,241.0,118.4
NOP,2025-02-08,125.7,244.1,118.4
NOP,2025-02-10,126.4,244.7,118.3
NOP,2025-02-12,127.8,242.6,114.8
NOP,2025-02-13,127.8,241.4,113.6
NOP,2025-02-21,127.2,242.2,115.0
NOP,2025-02-23,126.0,242.1,116.1
NOP,2025-02-25,124.3,241.4,117.1
NOP,2025-02-27,120.9,235.3,114.4
NOP,2025-02-28,120.7,235.9,115.2
NOP,2025-03-02,120.7,235.4,114.7
NOP,2025-03-04,118.4,234.0,115.6
NOP,2025-03-06,119.7,235.0,115.3
NOP,2025-03-08,116.9,231.8,114.9
NOP,2025-03-09,119.6,235.1,115.5
NOP,2025-03-11,117.0,228.9,111.9
NOP,2025-03-13,117.9,232.2,114.3
NOP,2025-03-15,119.6,231.8,112.2
NOP,2025-03-17,121.2,234.0,112.8
NOP,2025-03-19,122.3,230.8,108.5
NOP,2025-03-21,121.3,230.9,109.6
NOP,2025-03-23,122.6,228.7,106.1
NOP,2025-03-24,122.6,230.2,107.6
NOP,2025-03-28,121.6,230.7,109.1
NOP,2025-03-30,118.1,225.0,106.9
NOP,2025-04-02,116.8,223.1,106.3
NOP,2025-04-04,116.2,219.6,103.4
NOP,2025-04-06,117.3,222.2,104.9
NOP,2025-04-08,116.5,220.6,104.1
NOP,2025-04-10,115.7,223.1,107.4
NOP,2025-04-11,117.8,224.4,106.6
NOP,2025-04-13,119.7,227.4,107.7
NYK,2024-11-13,110.0,224.1,114.1
NYK,2024-11-15,109.2,224.7,115.5
NYK,2024-11-17,111.6,227.2,115.6
NYK,2024-11-18,111.0,227.6,116.6
NYK,2024-11-20,110.9,229.3,118.4
NYK,2024-11-23,113.3,232.7,119.4
NYK,2024-11-25,114.5,234.8,120.3
NYK,2024-11-27,114.2,237.4,123.2
NYK,2024-11-29,117.7,240.7,123.0
NYK,2024-12-01,114.3,235.1,120.8
NYK,2024-12-03,112.9,234.4,121.5
NYK,2024-12-05,111.1,232.4,121.3
NYK,2024-12-07,109.0,230.4,121.4
NYK,2024-12-09,110.6,231.7,121.1
NYK,2024-12-11,110.8,229.8,119.0
NYK,2024-12-15,109.4,224.6,115.2
NYK,2024-12-19,106.4,221.0,114.6
NYK,2024-12-21,105.3,218.7,113.4
NYK,2024-12-23,101.7,214.1,112.4
NYK,2024-12-25,104.4,220.8,116.4
NYK,2024-12-27,107.3,223.6,116.3
NYK,2024-12-28,105.2,220.2,115.0
NYK,2024-12-30,108.3,224.4,116.1
NYK,2025-01-01,106.9,224.5,117.6
NYK,2025-01-03,106.4,224.6,118.2
NYK,2025-01-04,107.3,226.2,118.9
NYK,2025-01-06,112.1,233.6,121.5
NYK,2025-01-08,111.7,229.3,117.6
NYK,2025-01-10,112.2,230.6,118.4
NYK,2025-01-12,112.3,226.9,114.6
NYK,2025-01-13,111.5,228.4,116.9
NYK,2025-01-15,115.4,233.4,118.0
NYK,2025-01-17,114.1,231.0,116.9
NYK,2025-01-20,115.1,229.3,114.2
NYK,2025-01-21,115.8,230.0,114.2
NYK,2025-01-25,113.6,227.0,113.4
NYK,2025-01-27,111.7,226.8,115.1
NYK,2025-01-29,112.0,232.0,120.0
NYK,2025-02-01,113.4,234.4,121.0
NYK,2025-02-03,113.6,235.7,122.1
NYK,2025-02-04,114.8,235.3,120.5
NYK,2025-02-08,113.9,234.6,120.7
NYK,2025-02-11,115.1,233.7,118.6
NYK,2025-02-12,115.0,236.5,121.5
NYK,2025-02-20,118.8,243.3,124.5
NYK,2025-02-21,120.4,246.3,125.9
NYK,2025-02-23,122.6,244.7,122.1
NYK,2025-02-26,123.8,242.1,118.3
NYK,2025-02-28,123.1,240.2,117.1
NYK,2025-03-02,121.6,238.9,117.3
NYK,2025-03-04,121.0,237.5,116.5
NYK,2025-03-06,120.9,235.5,114.6
NYK,2025-03-07,119.1,234.2,115.1
NYK,2025-03-10,118.1,229.9,111.8
NYK,2025-03-12,113.7,223.9,110.2
NYK,2025-03-15,113.9,224.2,110.3
NYK,2025-03-17,109.4,218.6,109.2
NYK,2025-03-19,107.1,217.4,110.3
NYK,2025-03-20,108.6,218.4,109.8
NYK,2025-03-22,108.8,217.0,108.2
NYK,2025-03-25,107.9,216.7,108.8
NYK,2025-03-26,107.8,219.2,111.4
NYK,2025-03-28,109.1,220.9,111.8
NYK,2025-03-30,109.3,223.2,113.9
NYK,2025-04-01,108.2,219.8,111.6
NYK,2025-04-02,106.0,216.7,110.7
NYK,2025-04-05,108.7,220.5,111.8
NYK,2025-04-06,109.7,222.0,112.3
NYK,2025-04-08,107.5,220.5,113.0
NYK,2025-04-10,107.9,222.8,114.9
NYK,2025-04-11,109.1,222.4,113.3
NYK,2025-04-13,108.6,219.3,110.7
OKC,2024-11-11,102.9,218.6,115.7
OKC,2024-11-13,107.0,225.9,118.9
OKC,2024-11-15,106.3,224.4,118.1
OKC,2024-11-17,104.2,219.4,115.2
OKC,2024-11-19,107.0,223.6,116.6
OKC,2024-11-20,106.6,219.9,113.3
OKC,2024-11-25,107.3,221.0,113.7
OKC,2024-11-27,109.6,226.1,116.5
OKC,2024-11-29,107.3,222.1,114.8
OKC,2024-12-01,105.9,218.2,112.3
OKC,2024-12-03,105.1,217.4,112.3
OKC,2024-12-05,102.9,215.1,112.2
OKC,2024-12-07,103.3,217.8,114.5
OKC,2024-12-10,105.9,222.4,116.5
OKC,2024-12-14,104.2,220.6,116.4
OKC,2024-12-19,102.8,219.9,117.1
OKC,2024-12-20,102.8,219.5,116.7
OKC,2024-12-23,101.6,215.7,114.1
OKC,2024-12-26,102.0,217.9,115.9
OKC,2024-12-28,104.1,221.9,117.8
OKC,2024-12-29,101.6,218.4,116.8
OKC,2024-12-31,101.6,218.1,116.5
OKC,2025-01-02,102.9,217.8,114.9
OKC,2025-01-03,101.8,216.4,114.6
OKC,2025-01-05,102.1,216.6,114.5
OKC,2025-01-08,101.7,215.6,113.9
OKC,2025-01-10,104.7,220.3,115.6
OKC,2025-01-12,105.1,222.9,117.8
OKC,2025-01-14,104.1,223.2,119.1
OKC,2025-01-16,102.9,221.8,118.9
OKC,2025-01-17,104.9,226.6,121.7
OKC,2025-01-19,104.9,223.4,118.5
OKC,2025-01-22,104.5,224.4,119.9
OKC,2025-01-23,106.1,226.7,120.6
OKC,2025-01-26,107.5,227.9,120.4
OKC,2025-01-29,109.1,230.8,121.7
OKC,2025-02-01,107.8,228.2,120.4
OKC,2025-02-03,108.7,230.9,122.2
OKC,2025-02-05,108.8,229.9,121.1
OKC,2025-02-07,109.5,232.8,123.3
OKC,2025-02-08,109.0,231.0,122.0
OKC,2025-02-10,109.6,234.3,124.7
OKC,2025-02-12,109.6,235.3,125.7
OKC,2025-02-13,108.3,233.2,124.9
OKC,2025-02-21,107.8,231.3,123.5
OKC,2025-02-23,107.7,232.4,124.7
OKC,2025-02-24,108.4,235.2,126.8
OKC,2025-02-26,110.5,235.7,125.2
OKC,2025-02-28,113.0,238.6,125.6
OKC,2025-03-02,114.0,239.1,125.1
OKC,2025-03-03,116.3,243.9,127.6
OKC,2025-03-05,117.9,246.7,128.8
OKC,2025-03-07,118.1,245.2,127.1
OKC,2025-03-09,116.9,243.2,126.3
OKC,2025-03-10,115.6,244.5,128.9
OKC,2025-03-12,118.9,247.5,128.6
OKC,2025-03-15,117.8,245.2,127.4
OKC,2025-03-16,115.4,241.3,125.9
OKC,2025-03-19,113.8,238.9,125.1
OKC,2025-03-21,111.9,236.8,124.9
OKC,2025-03-23,109.3,233.7,124.4
OKC,2025-03-25,106.6,227.6,121.0
OKC,2025-03-27,106.8,227.9,121.1
OKC,2025-03-29,108.3,231.2,122.9
OKC,2025-03-31,109.1,232.5,123.4
OKC,2025-04-02,106.8,232.0,125.2
OKC,2025-04-04,105.9,231.2,125.3
OKC,2025-04-06,107.7,232.8,125.1
OKC,2025-04-08,109.8,232.7,122.9
OKC,2025-04-09,111.8,235.0,123.2
OKC,2025-04-11,112.4,234.0,121.6
OKC,2025-04-13,113.4,239.2,125.8
ORL,2024-11-10,107.5,214.2,106.7
ORL,2024-11-12,107.2,214.4,107.2
ORL,2024-11-13,106.0,213.0,107.0
ORL,2024-11-15,102.6,207.9,105.3
ORL,2024-11-18,99.7,202.9,103.2
ORL,2024-11-20,99.4,203.6,104.2
ORL,2024-11-21,97.8,200.4,102.6
ORL,2024-11-23,98.8,204.8,106.0
ORL,2024-11-25,98.6,207.1,108.5
ORL,2024-11-27,95.2,202.1,106.9
ORL,2024-11-29,98.3,207.0,108.7
ORL,2024-12-01,98.9,207.8,108.9
ORL,2024-12-03,99.2,206.7,107.5
ORL,2024-12-04,102.3,211.0,108.7
ORL,2024-12-06,103.9,213.4,109.5
ORL,2024-12-08,104.2,212.2,108.0
ORL,2024-12-10,104.8,215.0,110.2
ORL,2024-12-15,104.4,213.6,109.2
ORL,2024-12-19,104.4,211.6,107.2
ORL,2024-12-21,106.5,214.1,107.6
ORL,2024-12-23,106.0,212.4,106.4
ORL,2024-12-26,106.4,211.3,104.9
ORL,2024-12-27,106.1,209.8,103.7
ORL,2024-12-29,104.8,206.4,101.6
ORL,2025-01-01,104.7,205.9,101.2
ORL,2025-01-03,105.0,206.4,101.4
ORL,2025-01-05,103.7,204.2,100.5
ORL,2025-01-06,102.8,201.6,98.8
ORL,2025-01-09,102.2,202.2,100.0
ORL,2025-01-10,102.1,201.1,99.0
ORL,2025-01-12,101.6,199.1,97.5
ORL,2025-01-15,101.1,198.2,97.1
ORL,2025-01-17,104.4,202.0,97.6
ORL,2025-01-19,105.7,204.2,98.5
ORL,2025-01-21,106.9,205.2,98.3
ORL,2025-01-23,107.3,205.3,98.0
ORL,2025-01-25,107.7,203.0,95.3
ORL,2025-01-27,108.5,206.7,98.2
ORL,2025-01-30,111.6,211.4,99.8
ORL,2025-02-01,113.1,213.0,99.9
ORL,2025-02-03,113.5,212.7,99.2
ORL,2025-02-05,114.0,212.7,98.7
ORL,2025-02-06,112.9,215.3,102.4
ORL,2025-02-08,112.0,214.0,102.0
ORL,2025-02-10,111.8,215.0,103.2
ORL,2025-02-12,112.1,216.6,104.5
ORL,2025-02-20,110.6,217.4,106.8
ORL,2025-02-21,110.1,216.2,106.1
ORL,2025-02-23,108.1,212.7,104.6
ORL,2025-02-25,105.2,211.8,106.6
ORL,2025-02-27,106.1,211.0,104.9
ORL,2025-03-02,107.8,214.3,106.5
ORL,2025-03-04,107.1,210.8,103.7
ORL,2025-03-06,107.3,213.3,106.0
ORL,2025-03-08,108.7,215.8,107.1
ORL,2025-03-10,108.4,216.0,107.6
ORL,2025-03-13,109.5,215.3,105.8
ORL,2025-03-14,108.0,213.7,105.7
ORL,2025-03-16,109.3,215.7,106.4
ORL,2025-03-19,110.6,216.8,106.2
ORL,2025-03-21,110.0,218.8,108.8
ORL,2025-03-24,108.4,217.7,109.3
ORL,2025-03-25,108.6,219.5,110.9
ORL,2025-03-27,107.6,218.3,110.7
ORL,2025-03-29,105.2,212.8,107.6
ORL,2025-03-31,103.4,212.0,108.6
ORL,2025-04-01,103.3,212.2,108.9
ORL,2025-04-03,104.5,213.7,109.2
ORL,2025-04-08,102.4,211.4,109.0
ORL,2025-04-09,103.3,213.4,110.1
ORL,2025-04-11,99.3,208.2,108.9
ORL,2025-04-13,100.3,210.1,109.8
PHI,2024-11-13,114.2,220.4,106.2
PHI,2024-11-15,113.2,219.1,105.9
PHI,2024-11-18,111.5,215.3,103.8
PHI,2024-11-20,110.7,211.6,100.9
PHI,2024-11-22,111.9,214.4,102.5
PHI,2024-11-24,109.3,212.4,103.1
PHI,2024-11-27,110.0,211.4,101.4
PHI,2024-11-30,111.2,214.3,103.1
PHI,2024-12-03,109.2,212.8,103.6
PHI,2024-12-04,109.1,213.0,103.9
PHI,2024-12-06,108.6,212.8,104.2
PHI,2024-12-08,106.6,210.4,103.8
PHI,2024-12-13,106.8,212.8,106.0
PHI,2024-12-16,108.3,216.1,107.8
PHI,2024-12-20,107.4,216.2,108.8
PHI,2024-12-21,107.4,215.7,108.3
PHI,2024-12-23,107.5,215.8,108.3
PHI,2024-12-25,105.9,213.8,107.9
PHI,2024-12-28,107.7,216.3,108.6
PHI,2024-12-30,108.4,217.4,109.0
PHI,2025-01-01,108.1,219.4,111.3
PHI,2025-01-02,110.0,221.8,111.8
PHI,2025-01-04,113.9,225.4,111.5
PHI,2025-01-06,111.2,224.3,113.1
PHI,2025-01-08,111.3,222.2,110.9
PHI,2025-01-10,111.8,222.8,111.0
PHI,2025-01-12,111.5,224.1,112.6
PHI,2025-01-14,111.3,222.7,111.4
PHI,2025-01-15,111.7,221.5,109.8
PHI,2025-01-18,113.1,223.4,110.3
PHI,2025-01-19,114.3,222.3,108.0
PHI,2025-01-21,115.3,223.5,108.2
PHI,2025-01-24,115.8,224.4,108.6
PHI,2025-01-25,119.3,228.8,109.5
PHI,2025-01-28,118.1,228.6,110.5
PHI,2025-01-29,118.2,229.6,111.4
PHI,2025-01-31,116.3,227.9,111.6
PHI,2025-02-02,119.6,234.7,115.1
PHI,2025-02-04,119.6,235.5,115.9
PHI,2025-02-05,118.7,234.5,115.8
PHI,2025-02-07,118.0,233.7,115.7
PHI,2025-02-09,118.2,234.2,116.0
PHI,2025-02-11,117.3,235.1,117.8
PHI,2025-02-12,115.0,229.9,114.9
PHI,2025-02-20,115.3,228.9,113.6
PHI,2025-02-22,117.3,229.5,112.2
PHI,2025-02-24,117.4,228.2,110.8
PHI,2025-02-26,117.9,226.3,108.4
PHI,2025-03-01,117.1,225.0,107.9
PHI,2025-03-03,117.4,226.1,108.7
PHI,2025-03-04,118.5,227.3,108.8
PHI,2025-03-06,118.6,227.4,108.8
PHI,2025-03-09,117.4,224.0,106.6
PHI,2025-03-10,119.0,227.9,108.9
PHI,2025-03-12,122.2,233.8,111.6
PHI,2025-03-14,121.6,233.3,111.7
PHI,2025-03-16,122.3,233.7,111.4
PHI,2025-03-17,120.6,234.0,113.4
PHI,2025-03-19,124.0,240.6,116.6
PHI,2025-03-21,125.4,239.4,114.0
PHI,2025-03-23,126.3,242.1,115.8
PHI,2025-03-24,126.9,243.4,116.5
PHI,2025-03-26,125.8,241.7,115.9
PHI,2025-03-29,125.5,240.2,114.7
PHI,2025-03-30,124.1,236.0,111.9
PHI,2025-04-01,125.0,237.3,112.3
PHI,2025-04-03,124.3,235.7,111.4
PHI,2025-04-05,124.4,234.1,109.7
PHI,2025-04-07,121.4,228.3,106.9
PHI,2025-04-09,119.8,227.2,107.4
PHI,2025-04-11,117.3,224.9,107.6
PHI,2025-04-13,116.5,223.2,106.7
PHX,2024-11-12,112.7,227.5,114.8
PHX,2024-11-13,112.6,227.8,115.2
PHX,2024-11-15,113.0,227.0,114.0
PHX,2024-11-17,112.7,223.6,110.9
PHX,2024-11-18,114.2,225.9,111.7
PHX,2024-11-20,113.2,222.3,109.1
PHX,2024-11-26,117.3,228.3,111.0
PHX,2024-11-27,115.7,227.6,111.9
PHX,2024-11-30,117.2,229.3,112.1
PHX,2024-12-03,116.4,228.4,112.0
PHX,2024-12-05,113.0,223.6,110.6
PHX,2024-12-07,114.4,225.4,111.0
PHX,2024-12-08,113.8,225.5,111.7
PHX,2024-12-13,115.4,229.8,114.4
PHX,2024-12-15,116.0,232.1,116.1
PHX,2024-12-19,116.0,233.8,117.8
PHX,2024-12-21,114.2,230.9,116.7
PHX,2024-12-23,117.5,234.0,116.5
PHX,2024-12-25,116.5,230.3,113.8
PHX,2024-12-27,116.0,229.5,113.5
PHX,2024-12-28,116.5,228.5,112.0
PHX,2024-12-31,114.8,224.9,110.1
PHX,2025-01-04,114.4,224.6,110.2
PHX,2025-01-06,115.5,225.5,110.0
PHX,2025-01-07,112.8,220.3,107.5
PHX,2025-01-09,113.4,219.7,106.3
PHX,2025-01-11,112.9,220.4,107.5
PHX,2025-01-12,110.2,216.6,106.4
PHX,2025-01-14,109.8,219.2,109.4
PHX,2025-01-16,112.0,222.1,110.1
PHX,2025-01-18,114.5,228.7,114.2
PHX,2025-01-20,115.7,231.9,116.2
PHX,2025-01-22,115.8,230.0,114.2
PHX,2025-01-25,111.6,225.8,114.2
PHX,2025-01-27,112.6,227.8,115.2
PHX,2025-01-29,112.0,227.9,115.9
PHX,2025-01-31,112.6,227.5,114.9
PHX,2025-02-01,112.5,229.0,116.5
PHX,2025-02-03,113.9,229.2,115.3
PHX,2025-02-05,113.8,229.3,115.5
PHX,2025-02-07,115.5,228.9,113.4
PHX,2025-02-08,116.1,230.5,114.4
PHX,2025-02-11,116.5,232.2,115.7
PHX,2025-02-12,120.0,236.1,116.1
PHX,2025-02-20,121.0,236.3,115.3
PHX,2025-02-22,122.1,237.2,115.1
PHX,2025-02-23,121.7,237.6,115.9
PHX,2025-02-25,123.9,237.7,113.8
PHX,2025-02-27,126.3,244.1,117.8
PHX,2025-02-28,126.6,244.1,117.5
PHX,2025-03-02,123.4,242.5,119.1
PHX,2025-03-04,122.3,237.7,115.4
PHX,2025-03-07,121.8,238.6,116.8
PHX,2025-03-09,124.8,244.5,119.7
PHX,2025-03-10,124.5,245.6,121.1
PHX,2025-03-12,124.5,246.5,122.0
PHX,2025-03-14,123.9,244.2,120.3
PHX,2025-03-16,121.8,243.4,121.6
PHX,2025-03-17,117.4,233.8,116.4
PHX,2025-03-19,113.9,231.6,117.7
PHX,2025-03-21,115.2,233.1,117.9
PHX,2025-03-24,114.8,235.2,120.4
PHX,2025-03-26,113.7,233.0,119.3
PHX,2025-03-28,112.0,227.4,115.4
PHX,2025-03-30,112.8,226.6,113.8
PHX,2025-04-01,115.6,228.5,112.9
PHX,2025-04-04,117.8,232.6,114.8
PHX,2025-04-06,119.5,232.4,112.9
PHX,2025-04-08,120.0,233.1,113.1
PHX,2025-04-09,124.4,234.1,109.7
PHX,2025-04-11,124.8,233.0,108.2
PHX,2025-04-13,123.4,231.0,107.6
POR,2024-11-10,114.9,222.1,107.2
POR,2024-11-12,114.3,220.0,105.7
POR,2024-11-13,114.6,222.2,107.6
POR,2024-11-17,114.1,219.8,105.7
POR,2024-11-20,114.0,221.3,107.3
POR,2024-11-22,114.4,221.0,106.6
POR,2024-11-23,112.3,216.3,104.0
POR,2024-11-25,111.8,216.5,104.7
POR,2024-11-27,114.1,216.8,102.7
POR,2024-11-29,114.4,218.0,103.6
POR,2024-12-01,112.3,217.2,104.9
POR,2024-12-03,112.6,221.7,109.1
POR,2024-12-06,114.5,221.9,107.4
POR,2024-12-08,118.8,225.5,106.7
POR,2024-12-13,118.5,223.6,105.1
POR,2024-12-15,119.4,226.2,106.8
POR,2024-12-19,119.4,228.3,108.9
POR,2024-12-21,122.0,233.1,111.1
POR,2024-12-23,121.1,231.8,110.7
POR,2024-12-26,122.2,232.3,110.1
POR,2024-12-28,123.6,234.4,110.8
POR,2024-12-30,122.1,232.4,110.3
POR,2025-01-02,121.9,232.0,110.1
POR,2025-01-04,119.2,230.0,110.8
POR,2025-01-06,118.7,230.2,111.5
POR,2025-01-08,118.7,230.1,111.4
POR,2025-01-09,117.1,229.5,112.4
POR,2025-01-11,116.4,227.3,110.9
POR,2025-01-14,116.9,228.2,111.3
POR,2025-01-16,116.9,228.8,111.9
POR,2025-01-18,116.7,225.3,108.6
POR,2025-01-19,117.0,223.3,106.3
POR,2025-01-21,114.7,222.0,107.3
POR,2025-01-23,114.0,222.3,108.3
POR,2025-01-24,111.7,219.6,107.9
POR,2025-01-26,109.6,216.2,106.6
POR,2025-01-28,111.4,216.9,105.5
POR,2025-01-30,110.9,217.8,106.9
POR,2025-02-01,108.0,217.0,109.0
POR,2025-02-03,105.6,215.9,110.3
POR,2025-02-04,105.7,219.2,113.5
POR,2025-02-06,102.1,216.5,114.4
POR,2025-02-08,102.1,216.0,113.9
POR,2025-02-10,102.8,214.9,112.1
POR,2025-02-12,109.5,223.2,113.7
POR,2025-02-20,113.0,228.6,115.6
POR,2025-02-22,112.2,227.2,115.0
POR,2025-02-24,109.8,226.4,116.6
POR,2025-02-26,112.0,228.1,116.1
POR,2025-02-28,113.3,229.6,116.3
POR,2025-03-02,111.6,227.9,116.3
POR,2025-03-03,116.0,234.0,118.0
POR,2025-03-05,116.0,235.1,119.1
POR,2025-03-07,117.4,238.5,121.1
POR,2025-03-09,113.5,231.8,118.3
POR,2025-03-10,112.2,229.6,117.4
POR,2025-03-12,114.2,233.4,119.2
POR,2025-03-16,116.8,233.2,116.4
POR,2025-03-17,115.8,231.3,115.5
POR,2025-03-19,113.4,227.2,113.8
POR,2025-03-21,113.1,226.3,113.2
POR,2025-03-23,110.7,223.8,113.1
POR,2025-03-25,113.4,226.2,112.8
POR,2025-03-27,112.8,224.9,112.1
POR,2025-03-30,114.9,228.8,113.9
POR,2025-04-01,114.0,226.0,112.0
POR,2025-04-03,112.3,225.0,112.7
POR,2025-04-04,111.2,223.8,112.6
POR,2025-04-06,112.8,226.2,113.4
POR,2025-04-09,114.0,228.2,114.2
POR,2025-04-11,117.4,232.7,115.3
POR,2025-04-13,116.8,227.9,111.1
SAC,2024-11-11,113.0,230.5,117.5
SAC,2024-11-13,112.9,228.5,115.6
SAC,2024-11-15,110.2,225.8,115.6
SAC,2024-11-16,113.4,230.5,117.1
SAC,2024-11-18,115.5,233.4,117.9
SAC,2024-11-22,114.9,231.3,116.4
SAC,2024-11-24,112.2,224.6,112.4
SAC,2024-11-25,112.0,223.6,111.6
SAC,2024-11-27,114.3,224.6,110.3
SAC,2024-11-29,114.0,226.0,112.0
SAC,2024-12-01,113.7,223.6,109.9
SAC,2024-12-03,114.8,227.6,112.8
SAC,2024-12-05,115.5,227.6,112.1
SAC,2024-12-06,114.0,224.5,110.5
SAC,2024-12-08,113.6,226.0,112.4
SAC,2024-12-12,112.4,228.1,115.7
SAC,2024-12-16,112.9,230.9,118.0
SAC,2024-12-19,115.1,235.7,120.6
SAC,2024-12-21,113.4,233.1,119.7
SAC,2024-12-22,113.3,231.4,118.1
SAC,2024-12-26,114.0,231.0,117.0
SAC,2024-12-28,112.7,228.5,115.8
SAC,2024-12-30,114.8,230.8,116.0
SAC,2025-01-01,113.3,229.3,116.0
SAC,2025-01-03,112.7,226.0,113.3
SAC,2025-01-05,116.3,229.3,113.0
SAC,2025-01-06,115.3,230.1,114.8
SAC,2025-01-10,114.1,228.3,114.2
SAC,2025-01-12,112.5,228.1,115.6
SAC,2025-01-14,114.1,232.2,118.1
SAC,2025-01-16,114.9,235.0,120.1
SAC,2025-01-19,116.2,238.2,122.0
SAC,2025-01-22,113.0,235.1,122.1
SAC,2025-01-23,114.7,238.1,123.4
SAC,2025-01-25,117.2,241.6,124.4
SAC,2025-01-27,118.2,240.8,122.6
SAC,2025-01-29,117.9,238.6,120.7
SAC,2025-02-01,117.8,236.6,118.8
SAC,2025-02-03,122.5,240.9,118.4
SAC,2025-02-05,122.0,239.6,117.6
SAC,2025-02-06,122.0,239.2,117.2
SAC,2025-02-08,120.1,234.3,114.2
SAC,2025-02-10,121.9,236.1,114.2
SAC,2025-02-12,123.0,237.8,114.8
SAC,2025-02-13,120.9,235.3,114.4
SAC,2025-02-21,120.6,236.3,115.7
SAC,2025-02-24,124.2,239.7,115.5
SAC,2025-02-26,121.3,239.4,118.1
SAC,2025-03-01,117.0,235.9,118.9
SAC,2025-03-03,115.9,234.5,118.6
SAC,2025-03-05,112.7,232.4,119.7
SAC,2025-03-07,113.5,234.0,120.5
SAC,2025-03-09,112.6,233.5,120.9
SAC,2025-03-10,110.9,229.9,119.0
SAC,2025-03-13,113.1,230.6,117.5
SAC,2025-03-14,112.1,226.7,114.6
SAC,2025-03-17,111.1,225.5,114.4
SAC,2025-03-19,114.5,229.1,114.6
SAC,2025-03-20,116.3,231.4,115.1
SAC,2025-03-22,118.8,234.2,115.4
SAC,2025-03-24,120.4,234.4,114.0
SAC,2025-03-25,120.1,232.6,112.5
SAC,2025-03-27,121.3,231.6,110.3
SAC,2025-03-29,120.9,233.0,112.1
SAC,2025-03-31,119.7,230.5,110.8
SAC,2025-04-02,117.8,229.1,111.3
SAC,2025-04-04,117.2,229.0,111.8
SAC,2025-04-06,115.2,226.3,111.1
SAC,2025-04-07,114.6,225.4,110.8
SAC,2025-04-09,113.5,225.4,111.9
SAC,2025-04-11,114.5,227.2,112.7
SAC,2025-04-13,113.3,226.5,113.2
SAS,2024-11-11,108.4,214.7,106.3
SAS,2024-11-13,106.0,213.0,107.0
SAS,2024-11-15,108.4,218.4,110.0
SAS,2024-11-16,109.8,221.2,111.4
SAS,2024-11-19,110.3,221.7,111.4
SAS,2024-11-21,111.9,223.7,111.8
SAS,2024-11-23,113.4,226.5,113.1
SAS,2024-11-26,111.5,224.6,113.1
SAS,2024-11-27,110.3,226.2,115.9
SAS,2024-12-01,111.7,225.9,114.2
SAS,2024-12-03,113.1,229.0,115.9
SAS,2024-12-05,113.9,227.5,113.6
SAS,2024-12-06,114.8,226.9,112.1
SAS,2024-12-08,116.8,228.7,111.9
SAS,2024-12-13,117.4,232.1,114.7
SAS,2024-12-15,118.6,234.1,115.5
SAS,2024-12-19,117.4,229.5,112.1
SAS,2024-12-21,120.6,235.6,115.0
SAS,2024-12-23,118.5,232.1,113.6
SAS,2024-12-25,117.7,231.8,114.1
SAS,2024-12-27,116.9,229.7,112.8
SAS,2024-12-29,115.2,228.3,113.1
SAS,2024-12-31,112.5,224.2,111.7
SAS,2025-01-03,107.1,219.7,112.6
SAS,2025-01-04,106.5,218.3,111.8
SAS,2025-01-06,107.1,218.2,111.1
SAS,2025-01-08,107.9,220.8,112.9
SAS,2025-01-13,107.4,217.5,110.1
SAS,2025-01-15,108.2,219.5,111.3
SAS,2025-01-17,110.0,222.2,112.2
SAS,2025-01-19,112.3,224.3,112.0
SAS,2025-01-23,116.4,229.5,113.1
SAS,2025-01-25,116.2,232.3,116.1
SAS,2025-01-29,121.2,234.9,113.7
SAS,2025-01-31,123.0,237.0,114.0
SAS,2025-02-01,122.6,239.9,117.3
SAS,2025-02-03,121.7,238.3,116.6
SAS,2025-02-05,122.4,239.4,117.0
SAS,2025-02-07,124.7,241.7,117.0
SAS,2025-02-08,123.5,240.6,117.1
SAS,2025-02-10,120.7,237.7,117.0
SAS,2025-02-12,120.0,239.4,119.4
SAS,2025-02-20,120.6,236.3,115.7
SAS,2025-02-21,117.9,235.8,117.9
SAS,2025-02-23,117.6,234.9,117.3
SAS,2025-02-25,117.2,229.7,112.5
SAS,2025-02-26,117.6,230.1,112.5
SAS,2025-03-01,116.6,228.8,112.2
SAS,2025-03-02,116.9,229.5,112.6
SAS,2025-03-04,119.8,234.0,114.2
SAS,2025-03-07,119.9,235.7,115.8
SAS,2025-03-09,120.5,234.1,113.6
SAS,2025-03-10,123.0,238.7,115.7
SAS,2025-03-12,125.4,242.0,116.6
SAS,2025-03-14,124.5,242.7,118.2
SAS,2025-03-15,127.6,249.6,122.0
SAS,2025-03-17,128.2,251.8,123.6
SAS,2025-03-19,128.9,252.8,123.9
SAS,2025-03-21,126.6,249.5,122.9
SAS,2025-03-23,124.0,246.5,122.5
SAS,2025-03-25,121.6,243.7,122.1
SAS,2025-03-27,121.1,241.9,120.8
SAS,2025-03-29,119.4,239.4,120.0
SAS,2025-03-30,118.2,236.4,118.2
SAS,2025-04-01,121.4,237.6,116.2
SAS,2025-04-02,118.5,231.8,113.3
SAS,2025-04-04,117.6,230.3,112.7
SAS,2025-04-06,116.5,229.6,113.1
SAS,2025-04-08,118.0,230.0,112.0
SAS,2025-04-09,118.2,229.1,110.9
SAS,2025-04-11,120.4,230.4,110.0
SAS,2025-04-13,119.9,230.1,110.2
TOR,2024-11-10,122.7,239.2,116.5
TOR,2024-11-12,121.4,237.6,116.2
TOR,2024-11-15,120.6,233.8,113.2
TOR,2024-11-16,119.3,231.9,112.6
TOR,2024-11-18,119.2,231.6,112.4
TOR,2024-11-21,117.3,229.4,112.1
TOR,2024-11-24,114.7,225.3,110.6
TOR,2024-11-25,114.1,222.4,108.3
TOR,2024-11-27,112.2,218.6,106.4
TOR,2024-11-29,109.3,216.9,107.6
TOR,2024-12-01,110.9,219.3,108.4
TOR,2024-12-03,110.2,220.2,110.0
TOR,2024-12-05,111.4,225.1,113.7
TOR,2024-12-07,114.4,227.8,113.4
TOR,2024-12-09,114.3,227.2,112.9
TOR,2024-12-12,113.7,224.4,110.7
TOR,2024-12-16,114.6,224.7,110.1
TOR,2024-12-19,114.6,226.0,111.4
TOR,2024-12-22,114.5,225.3,110.8
TOR,2024-12-23,116.6,226.5,109.9
TOR,2024-12-26,118.4,229.7,111.3
TOR,2024-12-29,122.3,234.3,112.0
TOR,2024-12-31,124.8,235.3,110.5
TOR,2025-01-01,124.4,232.8,108.4
TOR,2025-01-03,123.2,232.8,109.6
TOR,2025-01-06,122.5,231.0,108.5
TOR,2025-01-08,123.9,232.4,108.5
TOR,2025-01-09,122.9,229.1,106.2
TOR,2025-01-11,126.0,235.4,109.4
TOR,2025-01-13,126.9,236.7,109.8
TOR,2025-01-15,123.1,230.8,107.7
TOR,2025-01-17,117.3,223.4,106.1
TOR,2025-01-21,116.7,223.3,106.6
TOR,2025-01-23,113.5,223.9,110.4
TOR,2025-01-25,114.1,223.7,109.6
TOR,2025-01-27,112.9,224.5,111.6
TOR,2025-01-29,110.5,223.0,112.5
TOR,2025-01-31,107.5,220.8,113.3
TOR,2025-02-02,106.5,217.8,111.3
TOR,2025-02-04,105.0,216.4,111.4
TOR,2025-02-05,107.0,219.5,112.5
TOR,2025-02-07,111.1,223.3,112.2
TOR,2025-02-09,110.2,222.1,111.9
TOR,2025-02-11,110.3,220.0,109.7
TOR,2025-02-12,108.7,216.8,108.1
TOR,2025-02-21,112.4,219.6,107.2
TOR,2025-02-23,114.0,221.0,107.0
TOR,2025-02-25,116.7,225.8,109.1
TOR,2025-02-26,115.6,224.2,108.6
TOR,2025-02-28,115.9,222.1,106.2
TOR,2025-03-02,116.3,222.5,106.2
TOR,2025-03-04,112.7,218.6,105.9
TOR,2025-03-07,111.9,218.3,106.4
TOR,2025-03-08,113.4,222.9,109.5
TOR,2025-03-10,114.9,225.5,110.6
TOR,2025-03-12,112.2,223.9,111.7
TOR,2025-03-14,110.7,223.1,112.4
TOR,2025-03-16,111.6,223.9,112.3
TOR,2025-03-17,111.0,223.4,112.4
TOR,2025-03-20,112.8,225.0,112.2
TOR,2025-03-23,112.0,224.1,112.1
TOR,2025-03-24,114.1,224.7,110.6
TOR,2025-03-26,113.2,223.6,110.4
TOR,2025-03-28,110.9,221.1,110.2
TOR,2025-03-30,108.8,218.1,109.3
TOR,2025-04-01,109.3,219.4,110.1
TOR,2025-04-03,112.5,222.6,110.1
TOR,2025-04-04,111.9,219.7,107.8
TOR,2025-04-06,113.1,221.2,108.1
TOR,2025-04-09,111.1,222.3,111.2
TOR,2025-04-11,109.0,221.4,112.4
TOR,2025-04-13,109.1,222.8,113.7
UTA,2024-11-14,119.0,224.7,105.7
UTA,2024-11-16,117.7,222.5,104.8
UTA,2024-11-17,117.1,225.0,107.9
UTA,2024-11-19,117.7,225.9,108.2
UTA,2024-11-21,118.8,229.2,110.4
UTA,2024-11-23,120.8,234.2,113.4
UTA,2024-11-26,118.5,233.7,115.2
UTA,2024-11-27,118.7,231.9,113.2
UTA,2024-11-30,118.6,232.1,113.5
UTA,2024-12-01,118.2,230.0,111.8
UTA,2024-12-03,116.7,227.7,111.0
UTA,2024-12-06,118.7,228.8,110.1
UTA,2024-12-08,116.5,229.0,112.5
UTA,2024-12-13,119.0,230.7,111.7
UTA,2024-12-16,120.0,232.5,112.5
UTA,2024-12-19,121.8,233.2,111.4
UTA,2024-12-21,123.1,235.0,111.9
UTA,2024-12-23,119.7,230.6,110.9
UTA,2024-12-26,119.9,231.8,111.9
UTA,2024-12-28,121.5,236.0,114.5
UTA,2024-12-30,122.4,237.6,115.2
UTA,2025-01-01,122.3,239.0,116.7
UTA,2025-01-04,124.3,237.2,112.9
UTA,2025-01-05,120.2,237.0,116.8
UTA,2025-01-07,116.0,230.7,114.7
UTA,2025-01-09,114.0,230.1,116.1
UTA,2025-01-11,111.8,224.5,112.7
UTA,2025-01-12,113.8,226.6,112.8
UTA,2025-01-15,112.5,225.2,112.7
UTA,2025-01-17,112.0,223.9,111.9
UTA,2025-01-20,114.2,227.3,113.1
UTA,2025-01-22,113.3,226.2,112.9
UTA,2025-01-25,113.7,227.7,114.0
UTA,2025-01-27,116.2,226.9,110.7
UTA,2025-01-28,119.5,230.7,111.2
UTA,2025-01-30,118.5,227.9,109.4
UTA,2025-02-01,122.6,234.1,111.5
UTA,2025-02-03,121.1,233.3,112.2
UTA,2025-02-05,121.2,233.3,112.1
UTA,2025-02-07,122.3,236.3,114.0
UTA,2025-02-08,122.2,236.6,114.4
UTA,2025-02-10,122.9,236.4,113.5
UTA,2025-02-12,123.8,237.2,113.4
UTA,2025-02-13,123.2,239.4,116.2
UTA,2025-02-21,122.7,239.5,116.8
UTA,2025-02-22,124.3,241.5,117.2
UTA,2025-02-24,122.0,240.3,118.3
UTA,2025-02-26,123.5,241.7,118.2
UTA,2025-02-28,124.1,241.3,117.2
UTA,2025-03-02,122.9,238.7,115.8
UTA,2025-03-03,122.2,237.4,115.2
UTA,2025-03-05,122.6,237.4,114.8
UTA,2025-03-07,121.9,237.6,115.7
UTA,2025-03-09,121.8,235.3,113.5
UTA,2025-03-10,122.4,236.5,114.1
UTA,2025-03-12,120.8,235.0,114.2
UTA,2025-03-14,121.5,234.8,113.3
UTA,2025-03-16,122.7,236.6,113.9
UTA,2025-03-17,123.7,237.7,114.0
UTA,2025-03-19,123.2,235.2,112.0
UTA,2025-03-21,121.6,234.3,112.7
UTA,2025-03-23,120.3,232.3,112.0
UTA,2025-03-25,119.8,228.7,108.9
UTA,2025-03-27,122.0,230.3,108.3
UTA,2025-03-28,121.5,228.6,107.1
UTA,2025-03-31,123.0,228.6,105.6
UTA,2025-04-02,121.8,226.5,104.7
UTA,2025-04-04,123.5,226.9,103.4
UTA,2025-04-06,124.7,229.1,104.4
UTA,2025-04-09,128.3,236.4,108.1
UTA,2025-04-11,129.7,238.3,108.6
UTA,2025-04-13,132.1,241.9,109.8
WAS,2024-11-15,123.4,233.6,110.2
WAS,2024-11-17,124.1,235.8,111.7
WAS,2024-11-18,123.0,233.5,110.5
WAS,2024-11-22,124.5,233.5,109.0
WAS,2024-11-24,123.3,228.6,105.3
WAS,2024-11-26,123.0,228.8,105.8
WAS,2024-11-27,123.2,228.6,105.4
WAS,2024-11-30,122.5,227.1,104.6
WAS,2024-12-03,122.8,229.4,106.6
WAS,2024-12-05,123.9,230.0,106.1
WAS,2024-12-07,123.7,226.9,103.2
WAS,2024-12-08,122.1,225.8,103.7
WAS,2024-12-13,123.7,228.2,104.5
WAS,2024-12-15,121.8,226.2,104.4
WAS,2024-12-19,122.2,226.8,104.6
WAS,2024-12-21,122.1,228.7,106.6
WAS,2024-12-23,120.6,226.5,105.9
WAS,2024-12-26,120.8,227.6,106.8
WAS,2024-12-28,119.4,226.1,106.7
WAS,2024-12-30,121.2,232.4,111.2
WAS,2025-01-01,120.1,231.8,111.7
WAS,2025-01-03,119.5,231.5,112.0
WAS,2025-01-05,118.7,231.5,112.8
WAS,2025-01-07,118.2,230.3,112.1
WAS,2025-01-08,120.5,234.0,113.5
WAS,2025-01-10,120.0,231.5,111.5
WAS,2025-01-12,122.6,234.5,111.9
WAS,2025-01-13,123.9,234.8,110.9
WAS,2025-01-16,124.9,235.1,110.2
WAS,2025-01-18,124.3,233.6,109.3
WAS,2025-01-19,123.9,234.0,110.1
WAS,2025-01-21,125.5,233.1,107.6
WAS,2025-01-23,123.4,227.8,104.4
WAS,2025-01-25,123.4,227.3,103.9
WAS,2025-01-27,121.8,225.4,103.6
WAS,2025-01-29,123.9,228.0,104.1
WAS,2025-01-30,120.7,222.5,101.8
WAS,2025-02-01,120.5,222.4,101.9
WAS,2025-02-03,118.8,220.6,101.8
WAS,2025-02-05,117.2,219.1,101.9
WAS,2025-02-07,115.2,217.6,102.4
WAS,2025-02-08,116.3,221.1,104.8
WAS,2025-02-10,117.7,224.8,107.1
WAS,2025-02-12,119.8,229.7,109.9
WAS,2025-02-21,121.3,233.3,112.0
WAS,2025-02-23,118.7,230.0,111.3
WAS,2025-02-24,119.1,231.2,112.1
WAS,2025-02-26,115.6,228.8,113.2
WAS,2025-03-01,118.2,233.0,114.8
WAS,2025-03-03,116.8,230.5,113.7
WAS,2025-03-05,117.2,228.0,110.8
WAS,2025-03-08,116.0,226.9,110.9
WAS,2025-03-10,115.2,226.8,111.6
WAS,2025-03-11,114.0,223.9,109.9
WAS,2025-03-13,112.9,220.1,107.2
WAS,2025-03-15,115.0,225.0,110.0
WAS,2025-03-17,116.3,229.9,113.6
WAS,2025-03-19,117.6,230.2,112.6
WAS,2025-03-21,117.5,229.2,111.7
WAS,2025-03-22,119.5,230.4,110.9
WAS,2025-03-24,121.1,233.3,112.2
WAS,2025-03-26,120.1,230.2,110.1
WAS,2025-03-27,119.8,230.0,110.2
WAS,2025-03-29,124.1,234.8,110.7
WAS,2025-03-31,123.3,234.9,111.6
WAS,2025-04-02,122.8,230.9,108.1
WAS,2025-04-03,121.6,228.7,107.1
WAS,2025-04-06,121.3,228.4,107.1
WAS,2025-04-08,120.9,225.8,104.9
WAS,2025-04-09,119.3,223.5,104.2
WAS,2025-04-11,119.3,223.5,104.2
WAS,2025-04-13,120.0,222.7,102.7
